/*
*   This SQL Script will create a HopefullyHealing Database, Tables within this Database and their structure.
*/

SET FOREIGN_KEY_CHECKS=0; 
    DROP TABLE IF EXISTS HopefullyHealing.Locations;
    DROP TABLE IF EXISTS HopefullyHealing.Patients;
    DROP TABLE IF EXISTS HopefullyHealing.Wounds;
    DROP DATABASE IF EXISTS HopefullyHealing;
SET FOREIGN_KEY_CHECKS=1;

CREATE DATABASE IF NOT EXISTS HopefullyHealing;
-- SET @encryption_key = 'key:ssn';

/*
---------------------------------------------------------------------------------------------------------------------------------------------------------------------------------------------------------------------------------------------------------------------------------------------------------------------------------------------------------------------------------------------
*/

--  TABLE STRUCTURE FOR: Locations Table
CREATE TABLE HopefullyHealing.Locations (
  `locationId` int(11) NOT NULL AUTO_INCREMENT,
  `locationName` VARCHAR(250) NOT NULL COLLATE UTF8_UNICODE_CI,
  `restrictedLocation` TINYINT(1) NOT NULL,
  PRIMARY KEY (`locationId`),
  UNIQUE KEY `locationId_UNIQUE` (`locationId`)
) ENGINE=InnoDB AUTO_INCREMENT=1001 DEFAULT CHARSET=UTF8 COLLATE=UTF8_UNICODE_CI;

-- Examples for Locations
INSERT INTO HopefullyHealing.Locations (`locationId`, `locationName`, `restrictedLocation`) VALUES (1, 'Feeney, Hills and Walsh', 1);
INSERT INTO HopefullyHealing.Locations (`locationId`, `locationName`, `restrictedLocation`) VALUES (2, 'Beahan Group', 1);
INSERT INTO HopefullyHealing.Locations (`locationId`, `locationName`, `restrictedLocation`) VALUES (3, 'Gulgowski-Keebler', 1);
INSERT INTO HopefullyHealing.Locations (`locationId`, `locationName`, `restrictedLocation`) VALUES (4, 'Lindgren-Purdy', 1);
INSERT INTO HopefullyHealing.Locations (`locationId`, `locationName`, `restrictedLocation`) VALUES (5, 'Lindgren PLC', 1);
INSERT INTO HopefullyHealing.Locations (`locationId`, `locationName`, `restrictedLocation`) VALUES (6, 'Leuschke Inc', 0);
INSERT INTO HopefullyHealing.Locations (`locationId`, `locationName`, `restrictedLocation`) VALUES (7, 'Quigley and Sons', 1);
INSERT INTO HopefullyHealing.Locations (`locationId`, `locationName`, `restrictedLocation`) VALUES (8, 'Zulauf, Abbott and Weber', 1);
INSERT INTO HopefullyHealing.Locations (`locationId`, `locationName`, `restrictedLocation`) VALUES (9, 'Bogisich-Breitenberg', 0);
INSERT INTO HopefullyHealing.Locations (`locationId`, `locationName`, `restrictedLocation`) VALUES (10, 'O\'Kon LLC', 0);


--  TABLE STRUCTURE FOR: Patients
CREATE TABLE HopefullyHealing.Patients (
  `patientId` INT(11) NOT NULL AUTO_INCREMENT,
  `fullName` VARCHAR(1000) NOT NULL COLLATE UTF8_UNICODE_CI,
  `phoneNumber` VARCHAR(50) NOT NULL COLLATE UTF8_UNICODE_CI,
  `streetAddress` VARCHAR(1000) COLLATE UTF8_UNICODE_CI DEFAULT NULL,
  `city` VARCHAR(250) COLLATE UTF8_UNICODE_CI DEFAULT NULL,
  `state` VARCHAR(2) COLLATE UTF8_UNICODE_CI DEFAULT NULL,
  `zip` VARCHAR(5) COLLATE UTF8_UNICODE_CI DEFAULT NULL,
  `SSN` BLOB DEFAULT NULL,
  `insuranceType` ENUM('Medicare','Medicaid','Private') NOT NULL COLLATE UTF8_UNICODE_CI,
  `insuranceName` ENUM('Passport Health Group','Unitedhealth Group','Wellpoint Inc. Group','Kaiser Foundation Group','Humana Group','Aetna Group','HCSC Group','Cigna Health Group','Highmark Group') COLLATE UTF8_UNICODE_CI,
  `locationId` INT(11) NOT NULL,
  PRIMARY KEY (`patientId`),
  FOREIGN KEY (`locationId`) REFERENCES HopefullyHealing.Locations (`locationId`),
  UNIQUE KEY `patientId_UNIQUE` (`patientId`)
) ENGINE=InnoDB AUTO_INCREMENT=1001 DEFAULT CHARSET=UTF8 COLLATE=UTF8_UNICODE_CI;


-- Examples for Patients
INSERT INTO HopefullyHealing.Patients (`patientId`, `fullName`, `phoneNumber`, `streetAddress`, `city`, `state`, `zip`, `SSN`, `insuranceType`, `insuranceName`, `locationId`) VALUES (1, 'Jaiden Welch', '657.832.9296x11453', '322 Mertz Center', 'Lake Dejonview', 'Oh', '07363', '073-80-2493', 'Private', 'Wellpoint Inc. Group', 9);
INSERT INTO HopefullyHealing.Patients (`patientId`, `fullName`, `phoneNumber`, `streetAddress`, `city`, `state`, `zip`, `SSN`, `insuranceType`, `insuranceName`, `locationId`) VALUES (2, 'Martine Leannon', '1-803-944-0297', '044 Fahey Pass Apt. 360', 'Port Alek', 'Ut', '04696', '651-99-6856', 'Private', 'Kaiser Foundation Group', 9);
INSERT INTO HopefullyHealing.Patients (`patientId`, `fullName`, `phoneNumber`, `streetAddress`, `city`, `state`, `zip`, `SSN`, `insuranceType`, `insuranceName`, `locationId`) VALUES (3, 'Kylee Medhurst', '(743)297-2401', '356 Rempel Grove', 'West Reinhold', 'Io', '62536', '263-17-6227', 'Medicaid', 'Wellpoint Inc. Group', 3);
INSERT INTO HopefullyHealing.Patients (`patientId`, `fullName`, `phoneNumber`, `streetAddress`, `city`, `state`, `zip`, `SSN`, `insuranceType`, `insuranceName`, `locationId`) VALUES (4, 'Modesto Shields', '1-713-376-0023x537', '041 Mariela Union', 'Port Asha', 'Mi', '78755', '194-91-0236', 'Private', 'Humana Group', 10);
INSERT INTO HopefullyHealing.Patients (`patientId`, `fullName`, `phoneNumber`, `streetAddress`, `city`, `state`, `zip`, `SSN`, `insuranceType`, `insuranceName`, `locationId`) VALUES (5, 'Dorothea Stroman', '(307)948-9923x64843', '849 Ryan Trail Suite 612', 'Hermantown', 'Te', '29846', '852-82-7117', 'Medicaid', 'Wellpoint Inc. Group', 8);
INSERT INTO HopefullyHealing.Patients (`patientId`, `fullName`, `phoneNumber`, `streetAddress`, `city`, `state`, `zip`, `SSN`, `insuranceType`, `insuranceName`, `locationId`) VALUES (6, 'Dock Champlin', '454-775-6076', '527 Tomasa Port Suite 390', 'West Berenice', 'Ne', '92649', '342-47-8381', 'Medicaid', 'HCSC Group', 3);
INSERT INTO HopefullyHealing.Patients (`patientId`, `fullName`, `phoneNumber`, `streetAddress`, `city`, `state`, `zip`, `SSN`, `insuranceType`, `insuranceName`, `locationId`) VALUES (7, 'Prof. Ian Hauck', '1-560-997-1265', '1690 Effertz Circle Apt. 687', 'Durganborough', 'Vi', '92364', '854-22-9700', 'Medicaid', 'Unitedhealth Group', 10);
INSERT INTO HopefullyHealing.Patients (`patientId`, `fullName`, `phoneNumber`, `streetAddress`, `city`, `state`, `zip`, `SSN`, `insuranceType`, `insuranceName`, `locationId`) VALUES (8, 'Kenneth Streich', '1-776-270-4694', '50978 Ledner Lake Suite 431', 'West Vernatown', 'Wi', '06607', '805-89-8665', 'Private', 'Cigna Health Group', 3);
INSERT INTO HopefullyHealing.Patients (`patientId`, `fullName`, `phoneNumber`, `streetAddress`, `city`, `state`, `zip`, `SSN`, `insuranceType`, `insuranceName`, `locationId`) VALUES (9, 'Brandi Kshlerin', '1-402-991-6475', '265 Grimes Valleys', 'South Cedrick', 'Ha', '97736', '226-21-1963', 'Medicaid', 'Wellpoint Inc. Group', 9);
INSERT INTO HopefullyHealing.Patients (`patientId`, `fullName`, `phoneNumber`, `streetAddress`, `city`, `state`, `zip`, `SSN`, `insuranceType`, `insuranceName`, `locationId`) VALUES (10, 'Allie Bartell II', '07680992101', '837 Jailyn Glens', 'Reecechester', 'Fl', '66701', '178-51-5840', 'Medicare', 'Cigna Health Group', 9);
INSERT INTO HopefullyHealing.Patients (`patientId`, `fullName`, `phoneNumber`, `streetAddress`, `city`, `state`, `zip`, `SSN`, `insuranceType`, `insuranceName`, `locationId`) VALUES (11, 'Vincent Erdman', '(200)850-8319x47014', '0738 Schultz Locks Apt. 412', 'Ardenstad', 'Ne', '78616', '457-37-1686', 'Medicaid', 'Cigna Health Group', 8);
INSERT INTO HopefullyHealing.Patients (`patientId`, `fullName`, `phoneNumber`, `streetAddress`, `city`, `state`, `zip`, `SSN`, `insuranceType`, `insuranceName`, `locationId`) VALUES (12, 'Jay Brakus', '+81(7)5824627776', '135 Celine Plains Suite 706', 'Port Malcolmview', 'Ne', '62343', '682-08-9297', 'Medicare', 'Unitedhealth Group', 3);
INSERT INTO HopefullyHealing.Patients (`patientId`, `fullName`, `phoneNumber`, `streetAddress`, `city`, `state`, `zip`, `SSN`, `insuranceType`, `insuranceName`, `locationId`) VALUES (13, 'Keon Kassulke', '228-107-7957x5566', '1109 DuBuque Plain', 'Kuhnville', 'Co', '72020', '226-79-5294', 'Private', 'Humana Group', 4);
INSERT INTO HopefullyHealing.Patients (`patientId`, `fullName`, `phoneNumber`, `streetAddress`, `city`, `state`, `zip`, `SSN`, `insuranceType`, `insuranceName`, `locationId`) VALUES (14, 'Queenie Senger', '300-992-4710', '773 Crystal Shore Apt. 097', 'North Lelaside', 'Ve', '38664', '958-93-9730', 'Private', 'Highmark Group', 4);
INSERT INTO HopefullyHealing.Patients (`patientId`, `fullName`, `phoneNumber`, `streetAddress`, `city`, `state`, `zip`, `SSN`, `insuranceType`, `insuranceName`, `locationId`) VALUES (15, 'Stevie Mann', '243.912.2891x370', '40319 Sabrina Road Apt. 981', 'Emmaleeland', 'Ok', '04761', '137-12-1946', 'Medicaid', 'Passport Health Group', 5);
INSERT INTO HopefullyHealing.Patients (`patientId`, `fullName`, `phoneNumber`, `streetAddress`, `city`, `state`, `zip`, `SSN`, `insuranceType`, `insuranceName`, `locationId`) VALUES (16, 'Kaitlyn Rempel', '440-590-0562x54750', '8217 Cronin Island Suite 507', 'West Tyreek', 'Ma', '72459', '788-53-3323', 'Private', 'Humana Group', 7);
INSERT INTO HopefullyHealing.Patients (`patientId`, `fullName`, `phoneNumber`, `streetAddress`, `city`, `state`, `zip`, `SSN`, `insuranceType`, `insuranceName`, `locationId`) VALUES (17, 'Hipolito Carroll', '+47(4)1886869292', '521 Mayert Tunnel Apt. 365', 'East Alyciamouth', 'Mi', '16468', '942-54-8143', 'Private', 'Wellpoint Inc. Group', 8);
INSERT INTO HopefullyHealing.Patients (`patientId`, `fullName`, `phoneNumber`, `streetAddress`, `city`, `state`, `zip`, `SSN`, `insuranceType`, `insuranceName`, `locationId`) VALUES (18, 'Lucile Bradtke II', '(304)893-2339x68511', '0579 Morissette Drive', 'Julioville', 'Fl', '39847', '417-69-8835', 'Medicaid', 'Kaiser Foundation Group', 2);
INSERT INTO HopefullyHealing.Patients (`patientId`, `fullName`, `phoneNumber`, `streetAddress`, `city`, `state`, `zip`, `SSN`, `insuranceType`, `insuranceName`, `locationId`) VALUES (19, 'Evans Quitzon', '986.903.3167x1094', '39353 Joe Forest', 'Lake Emilland', 'Ne', '94183', '859-29-0523', 'Medicaid', 'Passport Health Group', 8);
INSERT INTO HopefullyHealing.Patients (`patientId`, `fullName`, `phoneNumber`, `streetAddress`, `city`, `state`, `zip`, `SSN`, `insuranceType`, `insuranceName`, `locationId`) VALUES (20, 'Lilyan Schoen', '(287)309-9659x528', '39108 Gusikowski Causeway', 'Conradborough', 'Ke', '87683', '482-02-4055', 'Medicaid', 'Highmark Group', 1);
INSERT INTO HopefullyHealing.Patients (`patientId`, `fullName`, `phoneNumber`, `streetAddress`, `city`, `state`, `zip`, `SSN`, `insuranceType`, `insuranceName`, `locationId`) VALUES (21, 'Dr. Timmothy Hermiston Jr.', '(160)767-0206x831', '1974 Corwin Gardens Apt. 333', 'South Rylee', 'Mo', '87452', '310-41-9990', 'Private', 'Aetna Group', 1);
INSERT INTO HopefullyHealing.Patients (`patientId`, `fullName`, `phoneNumber`, `streetAddress`, `city`, `state`, `zip`, `SSN`, `insuranceType`, `insuranceName`, `locationId`) VALUES (22, 'Vincenza Towne', '03582300166', '3575 Sasha Glen Apt. 480', 'Wildermanburgh', 'Mi', '19154', '811-82-5902', 'Medicaid', 'Cigna Health Group', 10);
INSERT INTO HopefullyHealing.Patients (`patientId`, `fullName`, `phoneNumber`, `streetAddress`, `city`, `state`, `zip`, `SSN`, `insuranceType`, `insuranceName`, `locationId`) VALUES (23, 'Mrs. Nyasia Hodkiewicz II', '03521913501', '6918 Althea Streets', 'South Edison', 'Co', '98025', '183-55-5828', 'Private', 'HCSC Group', 4);
INSERT INTO HopefullyHealing.Patients (`patientId`, `fullName`, `phoneNumber`, `streetAddress`, `city`, `state`, `zip`, `SSN`, `insuranceType`, `insuranceName`, `locationId`) VALUES (24, 'Cade Rogahn Sr.', '490-573-0718x7366', '9325 Deon Avenue Suite 407', 'Ledaland', 'Te', '92890', '974-49-4424', 'Medicare', 'HCSC Group', 6);
INSERT INTO HopefullyHealing.Patients (`patientId`, `fullName`, `phoneNumber`, `streetAddress`, `city`, `state`, `zip`, `SSN`, `insuranceType`, `insuranceName`, `locationId`) VALUES (25, 'Santos Feil', '504.783.1607x12632', '9605 Tremblay Valley Suite 546', 'Alvinastad', 'Ve', '41428', '490-47-6397', 'Medicaid', 'Cigna Health Group', 1);
INSERT INTO HopefullyHealing.Patients (`patientId`, `fullName`, `phoneNumber`, `streetAddress`, `city`, `state`, `zip`, `SSN`, `insuranceType`, `insuranceName`, `locationId`) VALUES (26, 'Dr. Leon Gorczany', '197.268.5583x42651', '300 Elva Keys', 'Kareemland', 'Te', '98883', '757-40-9399', 'Medicare', 'Humana Group', 8);
INSERT INTO HopefullyHealing.Patients (`patientId`, `fullName`, `phoneNumber`, `streetAddress`, `city`, `state`, `zip`, `SSN`, `insuranceType`, `insuranceName`, `locationId`) VALUES (27, 'Christy Shields', '(697)243-8870x23274', '62407 Flatley Causeway', 'Goodwinhaven', 'No', '01786', '972-37-7599', 'Private', 'Kaiser Foundation Group', 4);
INSERT INTO HopefullyHealing.Patients (`patientId`, `fullName`, `phoneNumber`, `streetAddress`, `city`, `state`, `zip`, `SSN`, `insuranceType`, `insuranceName`, `locationId`) VALUES (28, 'Oswaldo Ziemann', '299-091-7143x08665', '299 Prudence Row Apt. 385', 'Port Rahsaanborough', 'Wi', '28798', '886-07-9525', 'Medicaid', 'Passport Health Group', 6);
INSERT INTO HopefullyHealing.Patients (`patientId`, `fullName`, `phoneNumber`, `streetAddress`, `city`, `state`, `zip`, `SSN`, `insuranceType`, `insuranceName`, `locationId`) VALUES (29, 'Crystal Steuber', '887-173-2351x29448', '77319 Stiedemann Prairie Suite 789', 'South Priscilla', 'Wa', '37207', '513-74-5181', 'Medicare', 'Unitedhealth Group', 7);
INSERT INTO HopefullyHealing.Patients (`patientId`, `fullName`, `phoneNumber`, `streetAddress`, `city`, `state`, `zip`, `SSN`, `insuranceType`, `insuranceName`, `locationId`) VALUES (30, 'Erika Konopelski', '(195)263-1197', '4629 Adela Vista', 'New Elinorville', 'Ut', '77176', '960-90-1906', 'Medicare', 'Kaiser Foundation Group', 6);
INSERT INTO HopefullyHealing.Patients (`patientId`, `fullName`, `phoneNumber`, `streetAddress`, `city`, `state`, `zip`, `SSN`, `insuranceType`, `insuranceName`, `locationId`) VALUES (31, 'Prof. Arturo Hickle', '1-825-994-2625x14985', '54771 Buck Squares', 'Wittingville', 'Mi', '10287', '429-89-7870', 'Medicare', 'HCSC Group', 3);
INSERT INTO HopefullyHealing.Patients (`patientId`, `fullName`, `phoneNumber`, `streetAddress`, `city`, `state`, `zip`, `SSN`, `insuranceType`, `insuranceName`, `locationId`) VALUES (32, 'Dr. Rodrigo Breitenberg II', '414-551-8809x329', '80377 Walker Harbors Apt. 049', 'Eunaside', 'Mi', '98471', '536-37-1393', 'Medicaid', 'HCSC Group', 6);
INSERT INTO HopefullyHealing.Patients (`patientId`, `fullName`, `phoneNumber`, `streetAddress`, `city`, `state`, `zip`, `SSN`, `insuranceType`, `insuranceName`, `locationId`) VALUES (33, 'Chadd Torphy', '554-983-0102x848', '9592 Yesenia View', 'East Sadie', 'Ar', '66818', '640-08-4278', 'Medicaid', 'Aetna Group', 4);
INSERT INTO HopefullyHealing.Patients (`patientId`, `fullName`, `phoneNumber`, `streetAddress`, `city`, `state`, `zip`, `SSN`, `insuranceType`, `insuranceName`, `locationId`) VALUES (34, 'Dahlia Ziemann MD', '012-186-7728x39298', '5245 Heathcote Fords Suite 834', 'South Kyla', 'Ne', '00842', '150-36-4033', 'Private', 'HCSC Group', 6);
INSERT INTO HopefullyHealing.Patients (`patientId`, `fullName`, `phoneNumber`, `streetAddress`, `city`, `state`, `zip`, `SSN`, `insuranceType`, `insuranceName`, `locationId`) VALUES (35, 'Candelario Kemmer', '861.626.8414', '057 Bartell Mountains', 'Pollichmouth', 'Ne', '35469', '187-02-4237', 'Medicaid', 'Aetna Group', 5);
INSERT INTO HopefullyHealing.Patients (`patientId`, `fullName`, `phoneNumber`, `streetAddress`, `city`, `state`, `zip`, `SSN`, `insuranceType`, `insuranceName`, `locationId`) VALUES (36, 'Prof. Jed Davis III', '824.235.2370', '0027 Elisabeth Mountains Apt. 142', 'Feeneyberg', 'So', '25505', '185-71-8480', 'Private', 'Highmark Group', 1);
INSERT INTO HopefullyHealing.Patients (`patientId`, `fullName`, `phoneNumber`, `streetAddress`, `city`, `state`, `zip`, `SSN`, `insuranceType`, `insuranceName`, `locationId`) VALUES (37, 'Mr. Reid Corwin Jr.', '351-844-0472x2472', '407 Sauer Neck', 'East Kade', 'Ke', '70239', '426-27-6089', 'Private', 'Humana Group', 9);
INSERT INTO HopefullyHealing.Patients (`patientId`, `fullName`, `phoneNumber`, `streetAddress`, `city`, `state`, `zip`, `SSN`, `insuranceType`, `insuranceName`, `locationId`) VALUES (38, 'Richard Hudson', '1-190-448-2236x2652', '809 Juana Grove', 'East Heaven', 'Il', '23068', '442-58-6788', 'Private', 'Passport Health Group', 5);
INSERT INTO HopefullyHealing.Patients (`patientId`, `fullName`, `phoneNumber`, `streetAddress`, `city`, `state`, `zip`, `SSN`, `insuranceType`, `insuranceName`, `locationId`) VALUES (39, 'Dr. Aiden Harvey Jr.', '631-886-6898', '7392 Yazmin Highway Suite 518', 'Elwintown', 'Il', '80969', '279-46-1660', 'Medicare', 'Unitedhealth Group', 4);
INSERT INTO HopefullyHealing.Patients (`patientId`, `fullName`, `phoneNumber`, `streetAddress`, `city`, `state`, `zip`, `SSN`, `insuranceType`, `insuranceName`, `locationId`) VALUES (40, 'Kali Jacobs Sr.', '1-920-222-5686', '792 Adell Ferry Suite 620', 'New Lawrence', 'Mi', '22827', '747-20-2193', 'Private', 'Humana Group', 8);
INSERT INTO HopefullyHealing.Patients (`patientId`, `fullName`, `phoneNumber`, `streetAddress`, `city`, `state`, `zip`, `SSN`, `insuranceType`, `insuranceName`, `locationId`) VALUES (41, 'Johnathan Ledner', '162-882-9359x945', '19052 Laury Estate Apt. 826', 'East Sofiamouth', 'Di', '04301', '045-29-2266', 'Private', 'HCSC Group', 4);
INSERT INTO HopefullyHealing.Patients (`patientId`, `fullName`, `phoneNumber`, `streetAddress`, `city`, `state`, `zip`, `SSN`, `insuranceType`, `insuranceName`, `locationId`) VALUES (42, 'Mrs. Charlene Spinka', '420.139.6224x230', '7948 Bahringer Causeway', 'Beatriceborough', 'Mi', '61752', '085-30-2663', 'Medicaid', 'Unitedhealth Group', 2);
INSERT INTO HopefullyHealing.Patients (`patientId`, `fullName`, `phoneNumber`, `streetAddress`, `city`, `state`, `zip`, `SSN`, `insuranceType`, `insuranceName`, `locationId`) VALUES (43, 'Mr. Cielo Maggio Sr.', '(517)587-5224x994', '8874 Hettinger Curve Apt. 123', 'Port Alexandrine', 'Te', '58307', '185-54-9309', 'Private', 'Wellpoint Inc. Group', 10);
INSERT INTO HopefullyHealing.Patients (`patientId`, `fullName`, `phoneNumber`, `streetAddress`, `city`, `state`, `zip`, `SSN`, `insuranceType`, `insuranceName`, `locationId`) VALUES (44, 'Prof. Terrill Crooks IV', '254-990-2069x1250', '0826 Renner Islands', 'Hettingerland', 'Mi', '28848', '655-89-4435', 'Medicare', 'Aetna Group', 7);
INSERT INTO HopefullyHealing.Patients (`patientId`, `fullName`, `phoneNumber`, `streetAddress`, `city`, `state`, `zip`, `SSN`, `insuranceType`, `insuranceName`, `locationId`) VALUES (45, 'Abby Hilpert', '(449)876-7333', '5497 Yoshiko Stravenue Apt. 644', 'Kaceyfort', 'Vi', '55119', '586-41-7864', 'Medicare', 'Wellpoint Inc. Group', 5);
INSERT INTO HopefullyHealing.Patients (`patientId`, `fullName`, `phoneNumber`, `streetAddress`, `city`, `state`, `zip`, `SSN`, `insuranceType`, `insuranceName`, `locationId`) VALUES (46, 'Ms. Raphaelle Schoen DVM', '920-563-3933x7153', '71939 Laurine Circle Apt. 870', 'Johnsonview', 'Al', '18663', '105-95-3180', 'Medicaid', 'Passport Health Group', 5);
INSERT INTO HopefullyHealing.Patients (`patientId`, `fullName`, `phoneNumber`, `streetAddress`, `city`, `state`, `zip`, `SSN`, `insuranceType`, `insuranceName`, `locationId`) VALUES (47, 'Arturo Stehr', '170.988.0984x2926', '94779 Nola Extension', 'Russelfurt', 'Co', '48810', '402-06-1768', 'Medicare', 'Kaiser Foundation Group', 4);
INSERT INTO HopefullyHealing.Patients (`patientId`, `fullName`, `phoneNumber`, `streetAddress`, `city`, `state`, `zip`, `SSN`, `insuranceType`, `insuranceName`, `locationId`) VALUES (48, 'Pinkie Wehner', '+90(3)2316337755', '086 Emely Street Suite 756', 'Nicolestad', 'Al', '88394', '180-69-4899', 'Medicare', 'Wellpoint Inc. Group', 2);
INSERT INTO HopefullyHealing.Patients (`patientId`, `fullName`, `phoneNumber`, `streetAddress`, `city`, `state`, `zip`, `SSN`, `insuranceType`, `insuranceName`, `locationId`) VALUES (49, 'Kian Pagac', '(552)343-8672x933', '910 Ullrich Crescent', 'Hahnfort', 'Ne', '74833', '232-67-5856', 'Medicaid', 'HCSC Group', 6);
INSERT INTO HopefullyHealing.Patients (`patientId`, `fullName`, `phoneNumber`, `streetAddress`, `city`, `state`, `zip`, `SSN`, `insuranceType`, `insuranceName`, `locationId`) VALUES (50, 'Verdie Steuber', '(708)932-2320', '08573 Rowe Island Suite 034', 'Lehnerport', 'Ka', '63995', '913-13-7056', 'Medicare', 'Aetna Group', 2);
INSERT INTO HopefullyHealing.Patients (`patientId`, `fullName`, `phoneNumber`, `streetAddress`, `city`, `state`, `zip`, `SSN`, `insuranceType`, `insuranceName`, `locationId`) VALUES (51, 'Anahi Lemke', '792.552.9527x101', '50265 Konopelski Ports Apt. 553', 'Jacintheside', 'Co', '40744', '419-32-9969', 'Private', 'Highmark Group', 3);
INSERT INTO HopefullyHealing.Patients (`patientId`, `fullName`, `phoneNumber`, `streetAddress`, `city`, `state`, `zip`, `SSN`, `insuranceType`, `insuranceName`, `locationId`) VALUES (52, 'Dr. Arvid West', '(928)374-7320x62984', '68342 Altenwerth Court Apt. 686', 'Sanfordton', 'Te', '10394', '598-97-7543', 'Medicare', 'Kaiser Foundation Group', 7);
INSERT INTO HopefullyHealing.Patients (`patientId`, `fullName`, `phoneNumber`, `streetAddress`, `city`, `state`, `zip`, `SSN`, `insuranceType`, `insuranceName`, `locationId`) VALUES (53, 'Tillman Bailey MD', '(032)414-8709', '7479 Doyle Crossroad Apt. 147', 'Harrisonmouth', 'Or', '81984', '509-26-2575', 'Medicare', 'Aetna Group', 1);
INSERT INTO HopefullyHealing.Patients (`patientId`, `fullName`, `phoneNumber`, `streetAddress`, `city`, `state`, `zip`, `SSN`, `insuranceType`, `insuranceName`, `locationId`) VALUES (54, 'Wilford Mayert', '1-183-939-1046x032', '74060 Marquardt Cape', 'Gunnerhaven', 'Ve', '12898', '285-73-3690', 'Private', 'Kaiser Foundation Group', 6);
INSERT INTO HopefullyHealing.Patients (`patientId`, `fullName`, `phoneNumber`, `streetAddress`, `city`, `state`, `zip`, `SSN`, `insuranceType`, `insuranceName`, `locationId`) VALUES (55, 'Sammy Jenkins Jr.', '(047)003-0987x75863', '567 Flavie Lane Apt. 818', 'Bruenstad', 'Ok', '50560', '046-74-4892', 'Medicare', 'Highmark Group', 2);
INSERT INTO HopefullyHealing.Patients (`patientId`, `fullName`, `phoneNumber`, `streetAddress`, `city`, `state`, `zip`, `SSN`, `insuranceType`, `insuranceName`, `locationId`) VALUES (56, 'Jacklyn Kris', '1-126-766-5585x897', '34157 Brennan Key Apt. 161', 'Blickside', 'Wy', '46057', '104-75-9055', 'Medicare', 'Humana Group', 2);
INSERT INTO HopefullyHealing.Patients (`patientId`, `fullName`, `phoneNumber`, `streetAddress`, `city`, `state`, `zip`, `SSN`, `insuranceType`, `insuranceName`, `locationId`) VALUES (57, 'Zakary Mosciski', '506.662.0574', '17354 Glover Plaza Suite 286', 'Alexandreaview', 'We', '74319', '012-55-1909', 'Private', 'Kaiser Foundation Group', 4);
INSERT INTO HopefullyHealing.Patients (`patientId`, `fullName`, `phoneNumber`, `streetAddress`, `city`, `state`, `zip`, `SSN`, `insuranceType`, `insuranceName`, `locationId`) VALUES (58, 'Aisha Tillman', '617.229.2476', '8189 Anthony Fords Apt. 095', 'South Zoeybury', 'Ne', '80587', '054-99-7076', 'Medicare', 'HCSC Group', 6);
INSERT INTO HopefullyHealing.Patients (`patientId`, `fullName`, `phoneNumber`, `streetAddress`, `city`, `state`, `zip`, `SSN`, `insuranceType`, `insuranceName`, `locationId`) VALUES (59, 'Howell Roberts', '1-699-517-9030x41555', '132 Pacocha Ways Suite 100', 'East Augustinetown', 'So', '93666', '399-16-8855', 'Private', 'Humana Group', 7);
INSERT INTO HopefullyHealing.Patients (`patientId`, `fullName`, `phoneNumber`, `streetAddress`, `city`, `state`, `zip`, `SSN`, `insuranceType`, `insuranceName`, `locationId`) VALUES (60, 'Mr. Triston Cremin Sr.', '+57(9)6246568938', '476 Irma Field', 'Jacquesstad', 'Pe', '19350', '108-54-3690', 'Medicare', 'HCSC Group', 10);
INSERT INTO HopefullyHealing.Patients (`patientId`, `fullName`, `phoneNumber`, `streetAddress`, `city`, `state`, `zip`, `SSN`, `insuranceType`, `insuranceName`, `locationId`) VALUES (61, 'Kyra Lebsack PhD', '+36(1)8996545161', '4233 Carol Isle', 'East Dangelo', 'Al', '53514', '564-31-3916', 'Private', 'Highmark Group', 1);
INSERT INTO HopefullyHealing.Patients (`patientId`, `fullName`, `phoneNumber`, `streetAddress`, `city`, `state`, `zip`, `SSN`, `insuranceType`, `insuranceName`, `locationId`) VALUES (62, 'Dr. Gerson Cummings', '088.119.1276x2484', '67198 Karlee Wells Apt. 064', 'North Sallyside', 'Ne', '49772', '762-42-7209', 'Medicaid', 'Cigna Health Group', 9);
INSERT INTO HopefullyHealing.Patients (`patientId`, `fullName`, `phoneNumber`, `streetAddress`, `city`, `state`, `zip`, `SSN`, `insuranceType`, `insuranceName`, `locationId`) VALUES (63, 'Oren Frami IV', '560.246.4706', '3193 Emelia Inlet Apt. 429', 'Kochchester', 'Te', '38331', '608-99-4194', 'Medicaid', 'Humana Group', 6);
INSERT INTO HopefullyHealing.Patients (`patientId`, `fullName`, `phoneNumber`, `streetAddress`, `city`, `state`, `zip`, `SSN`, `insuranceType`, `insuranceName`, `locationId`) VALUES (64, 'Erin Kovacek', '(682)863-0423', '675 Thiel Skyway', 'Malloryville', 'Ke', '62958', '139-38-4636', 'Medicare', 'Passport Health Group', 5);
INSERT INTO HopefullyHealing.Patients (`patientId`, `fullName`, `phoneNumber`, `streetAddress`, `city`, `state`, `zip`, `SSN`, `insuranceType`, `insuranceName`, `locationId`) VALUES (65, 'Dr. Octavia Bartell III', '518.947.8125', '532 Dayana Circle', 'New Jenniefurt', 'Al', '98084', '957-50-7239', 'Private', 'Passport Health Group', 5);
INSERT INTO HopefullyHealing.Patients (`patientId`, `fullName`, `phoneNumber`, `streetAddress`, `city`, `state`, `zip`, `SSN`, `insuranceType`, `insuranceName`, `locationId`) VALUES (66, 'Rico Botsford', '503.204.0790x4359', '6544 Kristofer Court', 'New Elinor', 'No', '57604', '586-27-0211', 'Medicare', 'Passport Health Group', 10);
INSERT INTO HopefullyHealing.Patients (`patientId`, `fullName`, `phoneNumber`, `streetAddress`, `city`, `state`, `zip`, `SSN`, `insuranceType`, `insuranceName`, `locationId`) VALUES (67, 'Alexane O\'Reilly', '1-716-153-9561', '7481 Maggio Village Suite 436', 'Lake Joyceville', 'Al', '90301', '029-21-3951', 'Medicaid', 'Cigna Health Group', 6);
INSERT INTO HopefullyHealing.Patients (`patientId`, `fullName`, `phoneNumber`, `streetAddress`, `city`, `state`, `zip`, `SSN`, `insuranceType`, `insuranceName`, `locationId`) VALUES (68, 'Tad Schamberger', '1-247-019-1458x96759', '372 Amira Knoll', 'West Cassieborough', 'Mi', '49996', '977-34-3459', 'Medicare', 'Passport Health Group', 4);
INSERT INTO HopefullyHealing.Patients (`patientId`, `fullName`, `phoneNumber`, `streetAddress`, `city`, `state`, `zip`, `SSN`, `insuranceType`, `insuranceName`, `locationId`) VALUES (69, 'Destini Reichert IV', '+14(1)7376503343', '90478 Cremin Trafficway', 'Kertzmannville', 'Ne', '63982', '098-33-2990', 'Medicaid', 'Humana Group', 5);
INSERT INTO HopefullyHealing.Patients (`patientId`, `fullName`, `phoneNumber`, `streetAddress`, `city`, `state`, `zip`, `SSN`, `insuranceType`, `insuranceName`, `locationId`) VALUES (70, 'Shania Schamberger Sr.', '(889)546-1667x21050', '555 Stracke Trafficway', 'Port Lilian', 'Ke', '01546', '918-77-3042', 'Medicare', 'HCSC Group', 9);
INSERT INTO HopefullyHealing.Patients (`patientId`, `fullName`, `phoneNumber`, `streetAddress`, `city`, `state`, `zip`, `SSN`, `insuranceType`, `insuranceName`, `locationId`) VALUES (71, 'Ryder Dach MD', '(822)949-7601x113', '92226 Keebler Brooks Apt. 296', 'West Domenick', 'Al', '84784', '862-93-0533', 'Private', 'Cigna Health Group', 1);
INSERT INTO HopefullyHealing.Patients (`patientId`, `fullName`, `phoneNumber`, `streetAddress`, `city`, `state`, `zip`, `SSN`, `insuranceType`, `insuranceName`, `locationId`) VALUES (72, 'Rowland Kub', '588-423-1960x63814', '63567 Moriah Loaf', 'Willismouth', 'No', '95982', '067-14-1374', 'Medicare', 'Highmark Group', 8);
INSERT INTO HopefullyHealing.Patients (`patientId`, `fullName`, `phoneNumber`, `streetAddress`, `city`, `state`, `zip`, `SSN`, `insuranceType`, `insuranceName`, `locationId`) VALUES (73, 'Edmond Grady', '073-547-9200x32205', '55339 Hammes Prairie', 'Joannieville', 'Ne', '94098', '540-35-7360', 'Medicaid', 'Aetna Group', 1);
INSERT INTO HopefullyHealing.Patients (`patientId`, `fullName`, `phoneNumber`, `streetAddress`, `city`, `state`, `zip`, `SSN`, `insuranceType`, `insuranceName`, `locationId`) VALUES (74, 'Ezequiel Rodriguez III', '1-366-869-9767', '9489 Allen Stream', 'Lake Cary', 'Ar', '42947', '057-38-6946', 'Medicaid', 'Kaiser Foundation Group', 10);
INSERT INTO HopefullyHealing.Patients (`patientId`, `fullName`, `phoneNumber`, `streetAddress`, `city`, `state`, `zip`, `SSN`, `insuranceType`, `insuranceName`, `locationId`) VALUES (75, 'Maverick Pfeffer', '132-513-9040x337', '46152 McCullough Drives Apt. 307', 'South Alexandrebury', 'Pe', '50463', '832-23-7010', 'Medicare', 'Kaiser Foundation Group', 5);
INSERT INTO HopefullyHealing.Patients (`patientId`, `fullName`, `phoneNumber`, `streetAddress`, `city`, `state`, `zip`, `SSN`, `insuranceType`, `insuranceName`, `locationId`) VALUES (76, 'Dr. Reagan Bruen DVM', '(453)192-3750', '25875 Lambert Dale', 'Port Friedrichton', 'So', '26220', '920-79-5999', 'Medicare', 'Aetna Group', 5);
INSERT INTO HopefullyHealing.Patients (`patientId`, `fullName`, `phoneNumber`, `streetAddress`, `city`, `state`, `zip`, `SSN`, `insuranceType`, `insuranceName`, `locationId`) VALUES (77, 'Robbie Turcotte', '813.512.5237', '590 Waelchi Parkways', 'South Cleorashire', 'Ne', '12438', '913-27-4367', 'Medicare', 'Wellpoint Inc. Group', 4);
INSERT INTO HopefullyHealing.Patients (`patientId`, `fullName`, `phoneNumber`, `streetAddress`, `city`, `state`, `zip`, `SSN`, `insuranceType`, `insuranceName`, `locationId`) VALUES (78, 'Markus Haley', '+72(7)6387279931', '73153 Lubowitz Islands', 'New Roslynport', 'De', '85238', '040-34-8147', 'Private', 'Cigna Health Group', 8);
INSERT INTO HopefullyHealing.Patients (`patientId`, `fullName`, `phoneNumber`, `streetAddress`, `city`, `state`, `zip`, `SSN`, `insuranceType`, `insuranceName`, `locationId`) VALUES (79, 'Lambert Smitham', '571.732.1451x139', '4742 Nikki Flats', 'West Cassandrestad', 'Il', '70634', '948-44-2605', 'Private', 'Cigna Health Group', 7);
INSERT INTO HopefullyHealing.Patients (`patientId`, `fullName`, `phoneNumber`, `streetAddress`, `city`, `state`, `zip`, `SSN`, `insuranceType`, `insuranceName`, `locationId`) VALUES (80, 'Melany Dicki', '715-250-2367x01052', '91179 Hahn Haven Suite 580', 'North Nat', 'Ca', '82964', '861-89-3248', 'Medicare', 'Kaiser Foundation Group', 10);
INSERT INTO HopefullyHealing.Patients (`patientId`, `fullName`, `phoneNumber`, `streetAddress`, `city`, `state`, `zip`, `SSN`, `insuranceType`, `insuranceName`, `locationId`) VALUES (81, 'Dr. Chaz Bogan I', '(086)113-7832x0307', '089 Hackett Centers', 'North Ashleymouth', 'Te', '59455', '532-26-6279', 'Private', 'Highmark Group', 9);
INSERT INTO HopefullyHealing.Patients (`patientId`, `fullName`, `phoneNumber`, `streetAddress`, `city`, `state`, `zip`, `SSN`, `insuranceType`, `insuranceName`, `locationId`) VALUES (82, 'Isobel Schiller', '(621)499-4371x552', '819 Johnson Trafficway Apt. 440', 'Jaylonside', 'Il', '11794', '412-60-4945', 'Medicare', 'Cigna Health Group', 9);
INSERT INTO HopefullyHealing.Patients (`patientId`, `fullName`, `phoneNumber`, `streetAddress`, `city`, `state`, `zip`, `SSN`, `insuranceType`, `insuranceName`, `locationId`) VALUES (83, 'Mr. Johann Kuhn DVM', '1-378-522-8002', '8498 Rubie Squares Apt. 889', 'North Cassie', 'Mi', '05891', '542-06-2901', 'Medicare', 'Aetna Group', 7);
INSERT INTO HopefullyHealing.Patients (`patientId`, `fullName`, `phoneNumber`, `streetAddress`, `city`, `state`, `zip`, `SSN`, `insuranceType`, `insuranceName`, `locationId`) VALUES (84, 'Dr. Mary Stehr DVM', '06397784773', '55908 Sasha Union', 'Hermanshire', 'Ne', '87252', '560-39-3227', 'Medicare', 'Humana Group', 10);
INSERT INTO HopefullyHealing.Patients (`patientId`, `fullName`, `phoneNumber`, `streetAddress`, `city`, `state`, `zip`, `SSN`, `insuranceType`, `insuranceName`, `locationId`) VALUES (85, 'Ms. Gregoria Lind Jr.', '(074)818-7641x9726', '49865 Larissa Way Suite 341', 'South Shany', 'No', '94383', '892-96-3092', 'Medicare', 'Highmark Group', 4);
INSERT INTO HopefullyHealing.Patients (`patientId`, `fullName`, `phoneNumber`, `streetAddress`, `city`, `state`, `zip`, `SSN`, `insuranceType`, `insuranceName`, `locationId`) VALUES (86, 'Jennie Ledner IV', '117-698-1507x597', '864 Mohr Flats', 'Strosinfurt', 'Wy', '86210', '393-07-6843', 'Medicare', 'Wellpoint Inc. Group', 8);
INSERT INTO HopefullyHealing.Patients (`patientId`, `fullName`, `phoneNumber`, `streetAddress`, `city`, `state`, `zip`, `SSN`, `insuranceType`, `insuranceName`, `locationId`) VALUES (87, 'Kaylin Lehner', '1-647-852-5764x0190', '9595 Feeney Street Apt. 662', 'Tiaside', 'Di', '36502', '514-53-6009', 'Medicaid', 'Cigna Health Group', 1);
INSERT INTO HopefullyHealing.Patients (`patientId`, `fullName`, `phoneNumber`, `streetAddress`, `city`, `state`, `zip`, `SSN`, `insuranceType`, `insuranceName`, `locationId`) VALUES (88, 'Chandler Ryan I', '03504737373', '071 Fritz Cove', 'Maggiemouth', 'Fl', '55403', '978-67-0798', 'Private', 'Highmark Group', 8);
INSERT INTO HopefullyHealing.Patients (`patientId`, `fullName`, `phoneNumber`, `streetAddress`, `city`, `state`, `zip`, `SSN`, `insuranceType`, `insuranceName`, `locationId`) VALUES (89, 'Alva Stoltenberg', '+36(1)5344848608', '514 Howell Burgs', 'Lake Humberto', 'Wi', '11912', '533-37-4296', 'Medicaid', 'Wellpoint Inc. Group', 4);
INSERT INTO HopefullyHealing.Patients (`patientId`, `fullName`, `phoneNumber`, `streetAddress`, `city`, `state`, `zip`, `SSN`, `insuranceType`, `insuranceName`, `locationId`) VALUES (90, 'Ms. Rhoda Ebert', '1-267-349-2640', '3677 Littel River', 'Emardtown', 'Mi', '80603', '939-50-6780', 'Private', 'Cigna Health Group', 8);
INSERT INTO HopefullyHealing.Patients (`patientId`, `fullName`, `phoneNumber`, `streetAddress`, `city`, `state`, `zip`, `SSN`, `insuranceType`, `insuranceName`, `locationId`) VALUES (91, 'Chandler Ledner III', '663-626-4931', '061 Champlin Cape Suite 434', 'West Francoburgh', 'Ma', '58369', '164-27-4785', 'Private', 'Humana Group', 8);
INSERT INTO HopefullyHealing.Patients (`patientId`, `fullName`, `phoneNumber`, `streetAddress`, `city`, `state`, `zip`, `SSN`, `insuranceType`, `insuranceName`, `locationId`) VALUES (92, 'Kieran Schimmel', '439.348.4528x78500', '50093 Jacinthe Wells', 'Celestinochester', 'Ma', '76410', '787-79-4966', 'Medicare', 'HCSC Group', 4);
INSERT INTO HopefullyHealing.Patients (`patientId`, `fullName`, `phoneNumber`, `streetAddress`, `city`, `state`, `zip`, `SSN`, `insuranceType`, `insuranceName`, `locationId`) VALUES (93, 'Shawn Hessel', '886.204.5604', '74255 Jast Burg', 'Lake Aaron', 'Mi', '29504', '973-66-5602', 'Medicare', 'Aetna Group', 7);
INSERT INTO HopefullyHealing.Patients (`patientId`, `fullName`, `phoneNumber`, `streetAddress`, `city`, `state`, `zip`, `SSN`, `insuranceType`, `insuranceName`, `locationId`) VALUES (94, 'Bennett Haley MD', '383-537-8722', '1907 Haleigh Coves', 'Antoninahaven', 'Ar', '63487', '467-58-3618', 'Medicare', 'Aetna Group', 3);
INSERT INTO HopefullyHealing.Patients (`patientId`, `fullName`, `phoneNumber`, `streetAddress`, `city`, `state`, `zip`, `SSN`, `insuranceType`, `insuranceName`, `locationId`) VALUES (95, 'Okey Feeney', '09372910472', '327 Waters Mill', 'West Billfort', 'Ne', '63598', '757-05-9217', 'Private', 'HCSC Group', 9);
INSERT INTO HopefullyHealing.Patients (`patientId`, `fullName`, `phoneNumber`, `streetAddress`, `city`, `state`, `zip`, `SSN`, `insuranceType`, `insuranceName`, `locationId`) VALUES (96, 'Carolyn O\'Kon', '650.036.8387x75100', '2856 Jose Street', 'Bernierville', 'Or', '98167', '676-96-2466', 'Medicaid', 'Kaiser Foundation Group', 1);
INSERT INTO HopefullyHealing.Patients (`patientId`, `fullName`, `phoneNumber`, `streetAddress`, `city`, `state`, `zip`, `SSN`, `insuranceType`, `insuranceName`, `locationId`) VALUES (97, 'Mrs. Mya Maggio', '+68(4)0282932088', '13079 Jaskolski Crossroad Suite 582', 'Lamontfort', 'We', '88352', '245-15-5702', 'Medicare', 'Kaiser Foundation Group', 2);
INSERT INTO HopefullyHealing.Patients (`patientId`, `fullName`, `phoneNumber`, `streetAddress`, `city`, `state`, `zip`, `SSN`, `insuranceType`, `insuranceName`, `locationId`) VALUES (98, 'Ronaldo Will', '1-555-471-8586x1125', '04816 Charley Garden', 'Harberberg', 'Wi', '61050', '529-74-8162', 'Medicaid', 'Kaiser Foundation Group', 4);
INSERT INTO HopefullyHealing.Patients (`patientId`, `fullName`, `phoneNumber`, `streetAddress`, `city`, `state`, `zip`, `SSN`, `insuranceType`, `insuranceName`, `locationId`) VALUES (99, 'Douglas Kunze', '886-767-5790x528', '278 Waelchi Ranch Apt. 640', 'Skilesview', 'Vi', '91391', '128-92-8930', 'Private', 'Kaiser Foundation Group', 5);
INSERT INTO HopefullyHealing.Patients (`patientId`, `fullName`, `phoneNumber`, `streetAddress`, `city`, `state`, `zip`, `SSN`, `insuranceType`, `insuranceName`, `locationId`) VALUES (100, 'Freda Dooley', '(190)658-3003x76023', '1474 Jewel Common Suite 255', 'Marcellusside', 'Io', '73244', '301-35-3156', 'Medicare', 'Unitedhealth Group', 7);

-- TABLE STRUCTURE FOR: Wounds
CREATE TABLE HopefullyHealing.Wounds (
  `woundId` int(11) NOT NULL AUTO_INCREMENT,
  `patientId` int(11) NOT NULL,
  `imagePath` VARCHAR(2000) COLLATE UTF8_UNICODE_CI DEFAULT NULL,
  `imageData` LONGBLOB,
  `woundSize_cm` float NOT NULL,
  `woundView` ENUM('FRONT','BACK','RIGHT','LEFT') NOT NULL COLLATE UTF8_UNICODE_CI,
  `woundLocation` ENUM('Head (Front)', 'Right Shoulder (Front)', 'Chest', 'Left Shoulder (Front)', 'Right Arm (Front)', 'Abdomen', 'Left Arm (Front)', 'Right Hand (Front)', 'Pelvis (Front)', 'Left Hand (Front)', 'Right Leg (Front)', 'Left Leg (Front)', 'Right Crus', 'Left Crus', 'Right Foot (Front)', 'Left Foot (Front)', 'Head (Back)', 'Left Shoulder (Back)', 'Back', 'Right Shoulder (Back)', 'Left Arm (Back)', 'Lower Back', 'Right Arm (Back)', 'Left Hand (Back)', 'Gluteus', 'Right Hand (Back)', 'Left Leg (Back)', 'Right Leg (Back)', 'Left Calf', 'Right Calg', 'Left Foot (Back)', 'Right Foot (Back)', 'Head (Right Side)', 'Right Shoulder (Side)', 'Right Arm (Side)', 'Pelvis (Right Side)', 'Right Leg (Side)', 'Right Fibula (Side)', 'Right Foot (Side)', 'Head (Left Side)', 'Left Shoulder (Side)', 'Left Arm (Side)', 'Pelvis (Left Side)', 'Left Leg (Side)', 'Left Fibula (Side)', 'Left Foot (Side)') NOT NULL COLLATE UTF8_UNICODE_CI,
  `woundDate` DATETIME NOT NULL DEFAULT current_timestamp(),
-- Need to know what is Tissue A, B, C, D.
  `tissueA` float COLLATE UTF8_UNICODE_CI DEFAULT 0.0,
  `tissueB` float COLLATE UTF8_UNICODE_CI DEFAULT 0.0,
  `tissueC` float COLLATE UTF8_UNICODE_CI DEFAULT 0.0,
  `tissueD` float COLLATE UTF8_UNICODE_CI DEFAULT 0.0,
  `woundArea` float COLLATE UTF8_UNICODE_CI DEFAULT 0.0,
  PRIMARY KEY (`woundId`),
  FOREIGN KEY (`patientId`) REFERENCES HopefullyHealing.Patients (`patientId`),
  UNIQUE KEY `woundId_UNIQUE` (`woundId`)
) ENGINE=InnoDB AUTO_INCREMENT=1001 DEFAULT CHARSET=utf8 COLLATE=UTF8_UNICODE_CI;

INSERT INTO HopefullyHealing.Wounds (`woundId`, `patientId`, `imagePath`, `imageData`, `woundSize_cm`, `woundView`, `woundLocation`, `woundDate`, `tissueA`, `tissueB`, `tissueC`, `tissueD`, `woundArea`) VALUES (1, 83, 'http://lorempixel.com/600/400/cats/', load_file('./example_images/download (1).jpg'), '38.4848', 'FRONT', 'Head (Left Side)', '1996-07-02 23:33:43', '0.2', '0.3282', '0', '0', '0');
INSERT INTO HopefullyHealing.Wounds (`woundId`, `patientId`, `imagePath`, `imageData`, `woundSize_cm`, `woundView`, `woundLocation`, `woundDate`, `tissueA`, `tissueB`, `tissueC`, `tissueD`, `woundArea`) VALUES (2, 73, 'http://lorempixel.com/600/400/cats/', load_file('./example_images/download (10).jpg'), '39.136', 'LEFT', 'Right Leg (Front)', '2009-07-10 01:13:39', '0.747507', '0.929921', '0.681891', '0.365208', '0');
INSERT INTO HopefullyHealing.Wounds (`woundId`, `patientId`, `imagePath`, `imageData`, `woundSize_cm`, `woundView`, `woundLocation`, `woundDate`, `tissueA`, `tissueB`, `tissueC`, `tissueD`, `woundArea`) VALUES (3, 30, 'http://lorempixel.com/600/400/cats/', load_file('./example_images/download (11).jpg'), '7', 'BACK', 'Right Arm (Side)', '2005-10-06 18:17:35', '0.1262', '0.392153', '0.94778', '0.009', '0');
INSERT INTO HopefullyHealing.Wounds (`woundId`, `patientId`, `imagePath`, `imageData`, `woundSize_cm`, `woundView`, `woundLocation`, `woundDate`, `tissueA`, `tissueB`, `tissueC`, `tissueD`, `woundArea`) VALUES (4, 14, 'http://lorempixel.com/600/400/cats/', load_file('./example_images/download (12).jpg'), '8.93', 'BACK', 'Right Leg (Back)', '2011-07-06 17:27:55', '0.277218', '0.36977', '0.7363', '0.3511', '0');
INSERT INTO HopefullyHealing.Wounds (`woundId`, `patientId`, `imagePath`, `imageData`, `woundSize_cm`, `woundView`, `woundLocation`, `woundDate`, `tissueA`, `tissueB`, `tissueC`, `tissueD`, `woundArea`) VALUES (5, 11, 'http://lorempixel.com/600/400/cats/', load_file('./example_images/download (2).jpg'), '7.21735', 'BACK', 'Left Fibula (Side)', '1975-09-02 17:39:26', '0.97958', '1', '0.5657', '0.7581', '0');
INSERT INTO HopefullyHealing.Wounds (`woundId`, `patientId`, `imagePath`, `imageData`, `woundSize_cm`, `woundView`, `woundLocation`, `woundDate`, `tissueA`, `tissueB`, `tissueC`, `tissueD`, `woundArea`) VALUES (6, 46, 'http://lorempixel.com/600/400/cats/', load_file('./example_images/download (3).jpg'), '7.27173', 'FRONT', 'Left Shoulder (Back)', '1996-03-16 15:12:54', '0.6632', '0.677851', '0.223166', '0.2042', '0');
INSERT INTO HopefullyHealing.Wounds (`woundId`, `patientId`, `imagePath`, `imageData`, `woundSize_cm`, `woundView`, `woundLocation`, `woundDate`, `tissueA`, `tissueB`, `tissueC`, `tissueD`, `woundArea`) VALUES (7, 15, 'http://lorempixel.com/600/400/cats/', load_file('./example_images/download (4).jpg'), '5.7229', 'LEFT', 'Right Foot (Front)', '1994-10-10 21:47:03', '0.1', '0.9', '0.79295', '0.79473', '0');
INSERT INTO HopefullyHealing.Wounds (`woundId`, `patientId`, `imagePath`, `imageData`, `woundSize_cm`, `woundView`, `woundLocation`, `woundDate`, `tissueA`, `tissueB`, `tissueC`, `tissueD`, `woundArea`) VALUES (8, 42, 'http://lorempixel.com/600/400/cats/', load_file('./example_images/download (5).jpg'), '49.7724', 'RIGHT', 'Left Leg (Front)', '1993-07-18 19:44:48', '0.25411', '0.197787', '0.722', '0.4561', '0');
INSERT INTO HopefullyHealing.Wounds (`woundId`, `patientId`, `imagePath`, `imageData`, `woundSize_cm`, `woundView`, `woundLocation`, `woundDate`, `tissueA`, `tissueB`, `tissueC`, `tissueD`, `woundArea`) VALUES (9, 52, 'http://lorempixel.com/600/400/cats/', load_file('./example_images/download (6).jpg'), '11.6103', 'FRONT', 'Left Crus', '1987-01-20 09:56:55', '0.779', '0.6', '0.68972', '1', '0');
INSERT INTO HopefullyHealing.Wounds (`woundId`, `patientId`, `imagePath`, `imageData`, `woundSize_cm`, `woundView`, `woundLocation`, `woundDate`, `tissueA`, `tissueB`, `tissueC`, `tissueD`, `woundArea`) VALUES (10, 48, 'http://lorempixel.com/600/400/cats/', load_file('./example_images/download (7).jpg'), '13.8', 'FRONT', 'Left Hand (Front)', '1979-09-27 08:25:38', '1', '0.85093', '0.0857494', '0.624', '0');
INSERT INTO HopefullyHealing.Wounds (`woundId`, `patientId`, `imagePath`, `imageData`, `woundSize_cm`, `woundView`, `woundLocation`, `woundDate`, `tissueA`, `tissueB`, `tissueC`, `tissueD`, `woundArea`) VALUES (11, 75, 'http://lorempixel.com/600/400/cats/', load_file('./example_images/download (8).jpg'), '39.7616', 'BACK', 'Left Leg (Back)', '2002-03-05 17:19:46', '0.63', '0.0171375', '0.055', '0.005', '0');
INSERT INTO HopefullyHealing.Wounds (`woundId`, `patientId`, `imagePath`, `imageData`, `woundSize_cm`, `woundView`, `woundLocation`, `woundDate`, `tissueA`, `tissueB`, `tissueC`, `tissueD`, `woundArea`) VALUES (12, 85, 'http://lorempixel.com/600/400/cats/', load_file('./example_images/download (9).jpg'), '59.3', 'RIGHT', 'Left Hand (Front)', '2007-12-07 07:51:48', '0.294883', '0.26', '0.698549', '0', '0');
INSERT INTO HopefullyHealing.Wounds (`woundId`, `patientId`, `imagePath`, `imageData`, `woundSize_cm`, `woundView`, `woundLocation`, `woundDate`, `tissueA`, `tissueB`, `tissueC`, `tissueD`, `woundArea`) VALUES (13, 31, 'http://lorempixel.com/600/400/cats/', load_file('./example_images/download.jpg'), '16', 'RIGHT', 'Left Hand (Front)', '1998-04-24 13:27:33', '0.2', '0.8', '0.851628', '0.305', '0');
INSERT INTO HopefullyHealing.Wounds (`woundId`, `patientId`, `imagePath`, `imageData`, `woundSize_cm`, `woundView`, `woundLocation`, `woundDate`, `tissueA`, `tissueB`, `tissueC`, `tissueD`, `woundArea`) VALUES (14, 22, 'http://lorempixel.com/600/400/cats/', load_file('./example_images/images (1).jpg'), '23.6855', 'FRONT', 'Left Arm (Side)', '1986-09-13 18:02:06', '0.7', '0.508696', '0.591', '0.3', '0');
INSERT INTO HopefullyHealing.Wounds (`woundId`, `patientId`, `imagePath`, `imageData`, `woundSize_cm`, `woundView`, `woundLocation`, `woundDate`, `tissueA`, `tissueB`, `tissueC`, `tissueD`, `woundArea`) VALUES (15, 7, 'http://lorempixel.com/600/400/cats/', load_file('./example_images/images (2).jpg'), '39.2587', 'BACK', 'Right Leg (Side)', '1972-01-10 13:40:30', '0.61115', '0.909969', '0.129561', '0.661852', '0');
INSERT INTO HopefullyHealing.Wounds (`woundId`, `patientId`, `imagePath`, `imageData`, `woundSize_cm`, `woundView`, `woundLocation`, `woundDate`, `tissueA`, `tissueB`, `tissueC`, `tissueD`, `woundArea`) VALUES (16, 39, 'http://lorempixel.com/600/400/cats/', load_file('./example_images/images (3).jpg'), '14', 'LEFT', 'Right Arm (Side)', '1985-12-09 14:32:39', '0', '0.5', '0.9418', '0.0719881', '0');
INSERT INTO HopefullyHealing.Wounds (`woundId`, `patientId`, `imagePath`, `imageData`, `woundSize_cm`, `woundView`, `woundLocation`, `woundDate`, `tissueA`, `tissueB`, `tissueC`, `tissueD`, `woundArea`) VALUES (17, 34, 'http://lorempixel.com/600/400/cats/', load_file('./example_images/images (4).jpg'), '13.1148', 'RIGHT', 'Right Fibula (Side)', '1973-05-07 04:21:12', '0.266', '0.132534', '0.0977523', '0.078664', '0');
INSERT INTO HopefullyHealing.Wounds (`woundId`, `patientId`, `imagePath`, `imageData`, `woundSize_cm`, `woundView`, `woundLocation`, `woundDate`, `tissueA`, `tissueB`, `tissueC`, `tissueD`, `woundArea`) VALUES (18, 96, 'http://lorempixel.com/600/400/cats/', load_file('./example_images/images (5).jpg'), '39.3691', 'LEFT', 'Left Foot (Back)', '1975-06-17 18:14:02', '0.28032', '0.40704', '0.308845', '0', '0');
INSERT INTO HopefullyHealing.Wounds (`woundId`, `patientId`, `imagePath`, `imageData`, `woundSize_cm`, `woundView`, `woundLocation`, `woundDate`, `tissueA`, `tissueB`, `tissueC`, `tissueD`, `woundArea`) VALUES (19, 98, 'http://lorempixel.com/600/400/cats/', load_file('./example_images/images (6).jpg'), '21.1', 'RIGHT', 'Head (Back)', '1981-10-22 01:35:48', '0.210406', '0.8', '0.5', '0.4167', '0');
INSERT INTO HopefullyHealing.Wounds (`woundId`, `patientId`, `imagePath`, `imageData`, `woundSize_cm`, `woundView`, `woundLocation`, `woundDate`, `tissueA`, `tissueB`, `tissueC`, `tissueD`, `woundArea`) VALUES (20, 44, 'http://lorempixel.com/600/400/cats/', load_file('./example_images/images (7).jpg'), '36.9407', 'FRONT', 'Head (Right Side)', '1980-05-10 03:22:34', '0.6989', '0.099', '0.854498', '0', '0');
INSERT INTO HopefullyHealing.Wounds (`woundId`, `patientId`, `imagePath`, `imageData`, `woundSize_cm`, `woundView`, `woundLocation`, `woundDate`, `tissueA`, `tissueB`, `tissueC`, `tissueD`, `woundArea`) VALUES (21, 89, 'http://lorempixel.com/600/400/cats/', load_file('./example_images/download (1).jpg'), '50.8407', 'BACK', 'Abdomen', '1989-09-26 11:16:37', '1', '0.341052', '0.7438', '0.432617', '0');
INSERT INTO HopefullyHealing.Wounds (`woundId`, `patientId`, `imagePath`, `imageData`, `woundSize_cm`, `woundView`, `woundLocation`, `woundDate`, `tissueA`, `tissueB`, `tissueC`, `tissueD`, `woundArea`) VALUES (22, 29, 'http://lorempixel.com/600/400/cats/', load_file('./example_images/download (10).jpg'), '20.28', 'BACK', 'Left Foot (Back)', '2009-11-10 02:23:05', '0.353', '0.263102', '0.7', '0', '0');
INSERT INTO HopefullyHealing.Wounds (`woundId`, `patientId`, `imagePath`, `imageData`, `woundSize_cm`, `woundView`, `woundLocation`, `woundDate`, `tissueA`, `tissueB`, `tissueC`, `tissueD`, `woundArea`) VALUES (23, 46, 'http://lorempixel.com/600/400/cats/', load_file('./example_images/download (11).jpg'), '30.5688', 'BACK', 'Left Arm (Back)', '1998-04-11 05:33:12', '0.308', '0.774843', '0.769867', '0.6471', '0');
INSERT INTO HopefullyHealing.Wounds (`woundId`, `patientId`, `imagePath`, `imageData`, `woundSize_cm`, `woundView`, `woundLocation`, `woundDate`, `tissueA`, `tissueB`, `tissueC`, `tissueD`, `woundArea`) VALUES (24, 28, 'http://lorempixel.com/600/400/cats/', load_file('./example_images/download (12).jpg'), '19.7835', 'FRONT', 'Left Shoulder (Back)', '1972-04-22 10:35:30', '0.614534', '0.86', '0.9817', '0.802', '0');
INSERT INTO HopefullyHealing.Wounds (`woundId`, `patientId`, `imagePath`, `imageData`, `woundSize_cm`, `woundView`, `woundLocation`, `woundDate`, `tissueA`, `tissueB`, `tissueC`, `tissueD`, `woundArea`) VALUES (25, 42, 'http://lorempixel.com/600/400/cats/', load_file('./example_images/download (2).jpg'), '8.672', 'BACK', 'Left Foot (Back)', '1998-10-12 22:03:32', '0.87671', '0.0846373', '0.2', '1', '0');
INSERT INTO HopefullyHealing.Wounds (`woundId`, `patientId`, `imagePath`, `imageData`, `woundSize_cm`, `woundView`, `woundLocation`, `woundDate`, `tissueA`, `tissueB`, `tissueC`, `tissueD`, `woundArea`) VALUES (26, 3, 'http://lorempixel.com/600/400/cats/', load_file('./example_images/download (3).jpg'), '7', 'LEFT', 'Head (Left Side)', '1998-12-31 00:43:55', '0.680706', '0.7', '0', '0', '0');
INSERT INTO HopefullyHealing.Wounds (`woundId`, `patientId`, `imagePath`, `imageData`, `woundSize_cm`, `woundView`, `woundLocation`, `woundDate`, `tissueA`, `tissueB`, `tissueC`, `tissueD`, `woundArea`) VALUES (27, 86, 'http://lorempixel.com/600/400/cats/', load_file('./example_images/download (4).jpg'), '31.9747', 'LEFT', 'Pelvis (Right Side)', '1972-12-27 05:59:21', '0.185787', '0.64', '0.74', '0.99099', '0');
INSERT INTO HopefullyHealing.Wounds (`woundId`, `patientId`, `imagePath`, `imageData`, `woundSize_cm`, `woundView`, `woundLocation`, `woundDate`, `tissueA`, `tissueB`, `tissueC`, `tissueD`, `woundArea`) VALUES (28, 43, 'http://lorempixel.com/600/400/cats/', load_file('./example_images/download (5).jpg'), '12.4884', 'BACK', 'Right Foot (Front)', '1970-03-06 06:42:25', '0.521383', '0', '0.449741', '0.1894', '0');
INSERT INTO HopefullyHealing.Wounds (`woundId`, `patientId`, `imagePath`, `imageData`, `woundSize_cm`, `woundView`, `woundLocation`, `woundDate`, `tissueA`, `tissueB`, `tissueC`, `tissueD`, `woundArea`) VALUES (29, 62, 'http://lorempixel.com/600/400/cats/', load_file('./example_images/download (6).jpg'), '36.9', 'BACK', 'Left Foot (Side)', '1979-11-05 19:51:27', '0.55538', '0.2949', '0.71936', '0.7192', '0');
INSERT INTO HopefullyHealing.Wounds (`woundId`, `patientId`, `imagePath`, `imageData`, `woundSize_cm`, `woundView`, `woundLocation`, `woundDate`, `tissueA`, `tissueB`, `tissueC`, `tissueD`, `woundArea`) VALUES (30, 82, 'http://lorempixel.com/600/400/cats/', load_file('./example_images/download (7).jpg'), '50.7704', 'BACK', 'Head (Left Side)', '1985-11-25 05:01:37', '0.509374', '0.927', '0.617195', '0.54396', '0');
INSERT INTO HopefullyHealing.Wounds (`woundId`, `patientId`, `imagePath`, `imageData`, `woundSize_cm`, `woundView`, `woundLocation`, `woundDate`, `tissueA`, `tissueB`, `tissueC`, `tissueD`, `woundArea`) VALUES (31, 92, 'http://lorempixel.com/600/400/cats/', load_file('./example_images/download (8).jpg'), '22', 'LEFT', 'Left Leg (Front)', '2007-09-22 02:50:33', '0.4532', '0.5', '0.4', '0.462639', '0');
INSERT INTO HopefullyHealing.Wounds (`woundId`, `patientId`, `imagePath`, `imageData`, `woundSize_cm`, `woundView`, `woundLocation`, `woundDate`, `tissueA`, `tissueB`, `tissueC`, `tissueD`, `woundArea`) VALUES (32, 45, 'http://lorempixel.com/600/400/cats/', load_file('./example_images/download (9).jpg'), '13.3', 'LEFT', 'Right Fibula (Side)', '2014-12-22 17:11:13', '0.9', '0.897', '1', '0.326242', '0');
INSERT INTO HopefullyHealing.Wounds (`woundId`, `patientId`, `imagePath`, `imageData`, `woundSize_cm`, `woundView`, `woundLocation`, `woundDate`, `tissueA`, `tissueB`, `tissueC`, `tissueD`, `woundArea`) VALUES (33, 55, 'http://lorempixel.com/600/400/cats/', load_file('./example_images/download.jpg'), '21.4', 'FRONT', 'Left Leg (Side)', '1989-01-27 05:42:59', '0.008', '0.196815', '0.6107', '0.645617', '0');
INSERT INTO HopefullyHealing.Wounds (`woundId`, `patientId`, `imagePath`, `imageData`, `woundSize_cm`, `woundView`, `woundLocation`, `woundDate`, `tissueA`, `tissueB`, `tissueC`, `tissueD`, `woundArea`) VALUES (34, 22, 'http://lorempixel.com/600/400/cats/', load_file('./example_images/images (1).jpg'), '44.97', 'RIGHT', 'Right Shoulder (Side)', '2006-08-10 09:49:28', '0.6', '0.5772', '0.93282', '0.58275', '0');
INSERT INTO HopefullyHealing.Wounds (`woundId`, `patientId`, `imagePath`, `imageData`, `woundSize_cm`, `woundView`, `woundLocation`, `woundDate`, `tissueA`, `tissueB`, `tissueC`, `tissueD`, `woundArea`) VALUES (35, 58, 'http://lorempixel.com/600/400/cats/', load_file('./example_images/images (2).jpg'), '25.31', 'BACK', 'Left Fibula (Side)', '1991-12-19 20:37:05', '0.527', '0.5647', '0.327', '0.279342', '0');
INSERT INTO HopefullyHealing.Wounds (`woundId`, `patientId`, `imagePath`, `imageData`, `woundSize_cm`, `woundView`, `woundLocation`, `woundDate`, `tissueA`, `tissueB`, `tissueC`, `tissueD`, `woundArea`) VALUES (36, 65, 'http://lorempixel.com/600/400/cats/', load_file('./example_images/images (3).jpg'), '35.4', 'FRONT', 'Back', '2006-10-25 01:02:53', '0.1111', '0.390697', '0.9367', '1', '0');
INSERT INTO HopefullyHealing.Wounds (`woundId`, `patientId`, `imagePath`, `imageData`, `woundSize_cm`, `woundView`, `woundLocation`, `woundDate`, `tissueA`, `tissueB`, `tissueC`, `tissueD`, `woundArea`) VALUES (37, 67, 'http://lorempixel.com/600/400/cats/', load_file('./example_images/images (4).jpg'), '50.022', 'BACK', 'Right Arm (Back)', '1973-10-05 11:05:56', '0.051', '0.717505', '0.23818', '0.769813', '0');
INSERT INTO HopefullyHealing.Wounds (`woundId`, `patientId`, `imagePath`, `imageData`, `woundSize_cm`, `woundView`, `woundLocation`, `woundDate`, `tissueA`, `tissueB`, `tissueC`, `tissueD`, `woundArea`) VALUES (38, 72, 'http://lorempixel.com/600/400/cats/', load_file('./example_images/images (5).jpg'), '59.9', 'LEFT', 'Right Arm (Back)', '2016-12-15 13:04:41', '0.188884', '0.998', '0.93', '0.49315', '0');
INSERT INTO HopefullyHealing.Wounds (`woundId`, `patientId`, `imagePath`, `imageData`, `woundSize_cm`, `woundView`, `woundLocation`, `woundDate`, `tissueA`, `tissueB`, `tissueC`, `tissueD`, `woundArea`) VALUES (39, 6, 'http://lorempixel.com/600/400/cats/', load_file('./example_images/images (6).jpg'), '38.6999', 'LEFT', 'Left Crus', '1981-03-23 09:35:45', '0.59', '0.756', '1', '0.7', '0');
INSERT INTO HopefullyHealing.Wounds (`woundId`, `patientId`, `imagePath`, `imageData`, `woundSize_cm`, `woundView`, `woundLocation`, `woundDate`, `tissueA`, `tissueB`, `tissueC`, `tissueD`, `woundArea`) VALUES (40, 18, 'http://lorempixel.com/600/400/cats/', load_file('./example_images/images (7).jpg'), '30.3474', 'LEFT', 'Right Shoulder (Front)', '2010-06-17 17:49:50', '0.8', '0.109252', '0.61986', '0', '0');
INSERT INTO HopefullyHealing.Wounds (`woundId`, `patientId`, `imagePath`, `imageData`, `woundSize_cm`, `woundView`, `woundLocation`, `woundDate`, `tissueA`, `tissueB`, `tissueC`, `tissueD`, `woundArea`) VALUES (41, 20, 'http://lorempixel.com/600/400/cats/', load_file('./example_images/download (1).jpg'), '57.9142', 'LEFT', 'Right Hand (Front)', '1992-04-16 10:19:15', '0.586', '1', '0.19645', '0', '0');
INSERT INTO HopefullyHealing.Wounds (`woundId`, `patientId`, `imagePath`, `imageData`, `woundSize_cm`, `woundView`, `woundLocation`, `woundDate`, `tissueA`, `tissueB`, `tissueC`, `tissueD`, `woundArea`) VALUES (42, 80, 'http://lorempixel.com/600/400/cats/', load_file('./example_images/download (10).jpg'), '22.111', 'LEFT', 'Chest', '1985-01-12 08:35:42', '0', '0.015', '0.610264', '0', '0');
INSERT INTO HopefullyHealing.Wounds (`woundId`, `patientId`, `imagePath`, `imageData`, `woundSize_cm`, `woundView`, `woundLocation`, `woundDate`, `tissueA`, `tissueB`, `tissueC`, `tissueD`, `woundArea`) VALUES (43, 3, 'http://lorempixel.com/600/400/cats/', load_file('./example_images/download (11).jpg'), '18.68', 'BACK', 'Right Foot (Back)', '2010-02-18 17:48:53', '0.61976', '0.533258', '0.909255', '0', '0');
INSERT INTO HopefullyHealing.Wounds (`woundId`, `patientId`, `imagePath`, `imageData`, `woundSize_cm`, `woundView`, `woundLocation`, `woundDate`, `tissueA`, `tissueB`, `tissueC`, `tissueD`, `woundArea`) VALUES (44, 50, 'http://lorempixel.com/600/400/cats/', load_file('./example_images/download (12).jpg'), '35', 'BACK', 'Gluteus', '2002-07-22 13:07:35', '0.61', '0.961966', '0.445824', '0.3', '0');
INSERT INTO HopefullyHealing.Wounds (`woundId`, `patientId`, `imagePath`, `imageData`, `woundSize_cm`, `woundView`, `woundLocation`, `woundDate`, `tissueA`, `tissueB`, `tissueC`, `tissueD`, `woundArea`) VALUES (45, 1, 'http://lorempixel.com/600/400/cats/', load_file('./example_images/download (2).jpg'), '16', 'BACK', 'Right Crus', '1972-09-29 08:30:45', '0.67', '0.71451', '0.624204', '0.87131', '0');
INSERT INTO HopefullyHealing.Wounds (`woundId`, `patientId`, `imagePath`, `imageData`, `woundSize_cm`, `woundView`, `woundLocation`, `woundDate`, `tissueA`, `tissueB`, `tissueC`, `tissueD`, `woundArea`) VALUES (46, 10, 'http://lorempixel.com/600/400/cats/', load_file('./example_images/download (3).jpg'), '8.86317', 'RIGHT', 'Right Fibula (Side)', '1986-12-09 19:51:48', '0.9', '0.887771', '0.04688', '0.562', '0');
INSERT INTO HopefullyHealing.Wounds (`woundId`, `patientId`, `imagePath`, `imageData`, `woundSize_cm`, `woundView`, `woundLocation`, `woundDate`, `tissueA`, `tissueB`, `tissueC`, `tissueD`, `woundArea`) VALUES (47, 89, 'http://lorempixel.com/600/400/cats/', load_file('./example_images/download (4).jpg'), '40.7749', 'RIGHT', 'Right Fibula (Side)', '2017-03-20 19:55:45', '0.81', '0.97', '0.149523', '0.804361', '0');
INSERT INTO HopefullyHealing.Wounds (`woundId`, `patientId`, `imagePath`, `imageData`, `woundSize_cm`, `woundView`, `woundLocation`, `woundDate`, `tissueA`, `tissueB`, `tissueC`, `tissueD`, `woundArea`) VALUES (48, 35, 'http://lorempixel.com/600/400/cats/', load_file('./example_images/download (5).jpg'), '5.58', 'RIGHT', 'Left Shoulder (Back)', '2004-07-30 05:12:12', '0.06', '0.466044', '0.905755', '0.4', '0');
INSERT INTO HopefullyHealing.Wounds (`woundId`, `patientId`, `imagePath`, `imageData`, `woundSize_cm`, `woundView`, `woundLocation`, `woundDate`, `tissueA`, `tissueB`, `tissueC`, `tissueD`, `woundArea`) VALUES (49, 5, 'http://lorempixel.com/600/400/cats/', load_file('./example_images/download (6).jpg'), '46.0999', 'BACK', 'Right Shoulder (Front)', '1974-06-21 11:45:02', '0.9', '0.55', '0.042', '0.64', '0');
INSERT INTO HopefullyHealing.Wounds (`woundId`, `patientId`, `imagePath`, `imageData`, `woundSize_cm`, `woundView`, `woundLocation`, `woundDate`, `tissueA`, `tissueB`, `tissueC`, `tissueD`, `woundArea`) VALUES (50, 87, 'http://lorempixel.com/600/400/cats/', load_file('./example_images/download (7).jpg'), '11.4', 'BACK', 'Head (Right Side)', '1984-08-01 16:34:31', '0.4831', '1', '0.695377', '0.922', '0');
INSERT INTO HopefullyHealing.Wounds (`woundId`, `patientId`, `imagePath`, `imageData`, `woundSize_cm`, `woundView`, `woundLocation`, `woundDate`, `tissueA`, `tissueB`, `tissueC`, `tissueD`, `woundArea`) VALUES (51, 78, 'http://lorempixel.com/600/400/cats/', load_file('./example_images/download (8).jpg'), '33.5212', 'FRONT', 'Back', '1982-12-20 15:39:25', '0.48237', '0.49198', '0.274251', '0.5', '0');
INSERT INTO HopefullyHealing.Wounds (`woundId`, `patientId`, `imagePath`, `imageData`, `woundSize_cm`, `woundView`, `woundLocation`, `woundDate`, `tissueA`, `tissueB`, `tissueC`, `tissueD`, `woundArea`) VALUES (52, 94, 'http://lorempixel.com/600/400/cats/', load_file('./example_images/download (9).jpg'), '31', 'BACK', 'Right Calg', '1989-04-04 14:13:32', '0.171751', '0.87014', '0.438965', '0.409', '0');
INSERT INTO HopefullyHealing.Wounds (`woundId`, `patientId`, `imagePath`, `imageData`, `woundSize_cm`, `woundView`, `woundLocation`, `woundDate`, `tissueA`, `tissueB`, `tissueC`, `tissueD`, `woundArea`) VALUES (53, 16, 'http://lorempixel.com/600/400/cats/', load_file('./example_images/download.jpg'), '16.9', 'BACK', 'Right Arm (Back)', '2001-04-20 21:24:14', '1', '0.995938', '0.9', '0.123', '0');
INSERT INTO HopefullyHealing.Wounds (`woundId`, `patientId`, `imagePath`, `imageData`, `woundSize_cm`, `woundView`, `woundLocation`, `woundDate`, `tissueA`, `tissueB`, `tissueC`, `tissueD`, `woundArea`) VALUES (54, 24, 'http://lorempixel.com/600/400/cats/', load_file('./example_images/images (1).jpg'), '44.4311', 'LEFT', 'Head (Front)', '2002-02-24 17:50:46', '0.689114', '0.5', '0.92', '0', '0');
INSERT INTO HopefullyHealing.Wounds (`woundId`, `patientId`, `imagePath`, `imageData`, `woundSize_cm`, `woundView`, `woundLocation`, `woundDate`, `tissueA`, `tissueB`, `tissueC`, `tissueD`, `woundArea`) VALUES (55, 21, 'http://lorempixel.com/600/400/cats/', load_file('./example_images/images (2).jpg'), '3.88955', 'LEFT', 'Gluteus', '1989-12-30 16:44:36', '1', '0.392173', '0', '0.628213', '0');
INSERT INTO HopefullyHealing.Wounds (`woundId`, `patientId`, `imagePath`, `imageData`, `woundSize_cm`, `woundView`, `woundLocation`, `woundDate`, `tissueA`, `tissueB`, `tissueC`, `tissueD`, `woundArea`) VALUES (56, 57, 'http://lorempixel.com/600/400/cats/', load_file('./example_images/images (3).jpg'), '49.37', 'LEFT', 'Left Leg (Back)', '2004-12-07 07:29:26', '0.59051', '0.1899', '0.1374', '0.91459', '0');
INSERT INTO HopefullyHealing.Wounds (`woundId`, `patientId`, `imagePath`, `imageData`, `woundSize_cm`, `woundView`, `woundLocation`, `woundDate`, `tissueA`, `tissueB`, `tissueC`, `tissueD`, `woundArea`) VALUES (57, 26, 'http://lorempixel.com/600/400/cats/', load_file('./example_images/images (4).jpg'), '8.39376', 'RIGHT', 'Right Foot (Side)', '1993-07-19 12:11:01', '0.54476', '0.17', '0.5', '0.102', '0');
INSERT INTO HopefullyHealing.Wounds (`woundId`, `patientId`, `imagePath`, `imageData`, `woundSize_cm`, `woundView`, `woundLocation`, `woundDate`, `tissueA`, `tissueB`, `tissueC`, `tissueD`, `woundArea`) VALUES (58, 6, 'http://lorempixel.com/600/400/cats/', load_file('./example_images/images (5).jpg'), '24.11', 'FRONT', 'Chest', '2017-02-22 05:47:59', '0.064', '0.0183417', '0.8', '0.57796', '0');
INSERT INTO HopefullyHealing.Wounds (`woundId`, `patientId`, `imagePath`, `imageData`, `woundSize_cm`, `woundView`, `woundLocation`, `woundDate`, `tissueA`, `tissueB`, `tissueC`, `tissueD`, `woundArea`) VALUES (59, 99, 'http://lorempixel.com/600/400/cats/', load_file('./example_images/images (6).jpg'), '39.45', 'FRONT', 'Left Fibula (Side)', '1988-05-02 17:48:04', '0.2148', '0.8873', '0', '0.89', '0');
INSERT INTO HopefullyHealing.Wounds (`woundId`, `patientId`, `imagePath`, `imageData`, `woundSize_cm`, `woundView`, `woundLocation`, `woundDate`, `tissueA`, `tissueB`, `tissueC`, `tissueD`, `woundArea`) VALUES (60, 87, 'http://lorempixel.com/600/400/cats/', load_file('./example_images/images (7).jpg'), '30.7', 'FRONT', 'Left Leg (Front)', '1995-10-23 12:32:04', '0.606683', '0.1', '0.363', '0.674711', '0');
INSERT INTO HopefullyHealing.Wounds (`woundId`, `patientId`, `imagePath`, `imageData`, `woundSize_cm`, `woundView`, `woundLocation`, `woundDate`, `tissueA`, `tissueB`, `tissueC`, `tissueD`, `woundArea`) VALUES (61, 87, 'http://lorempixel.com/600/400/cats/', load_file('./example_images/download (1).jpg'), '49.7471', 'RIGHT', 'Right Foot (Side)', '2012-10-08 19:35:51', '0.152274', '0.966974', '0.730966', '0.825234', '0');
INSERT INTO HopefullyHealing.Wounds (`woundId`, `patientId`, `imagePath`, `imageData`, `woundSize_cm`, `woundView`, `woundLocation`, `woundDate`, `tissueA`, `tissueB`, `tissueC`, `tissueD`, `woundArea`) VALUES (62, 91, 'http://lorempixel.com/600/400/cats/', load_file('./example_images/download (10).jpg'), '31', 'RIGHT', 'Left Hand (Front)', '1980-11-03 12:13:29', '0.8718', '0.5243', '0', '0.3164', '0');
INSERT INTO HopefullyHealing.Wounds (`woundId`, `patientId`, `imagePath`, `imageData`, `woundSize_cm`, `woundView`, `woundLocation`, `woundDate`, `tissueA`, `tissueB`, `tissueC`, `tissueD`, `woundArea`) VALUES (63, 31, 'http://lorempixel.com/600/400/cats/', load_file('./example_images/download (11).jpg'), '5.92945', 'FRONT', 'Right Crus', '1972-02-22 14:27:13', '0.555676', '0.672', '0.9805', '0.33', '0');
INSERT INTO HopefullyHealing.Wounds (`woundId`, `patientId`, `imagePath`, `imageData`, `woundSize_cm`, `woundView`, `woundLocation`, `woundDate`, `tissueA`, `tissueB`, `tissueC`, `tissueD`, `woundArea`) VALUES (64, 42, 'http://lorempixel.com/600/400/cats/', load_file('./example_images/download (12).jpg'), '27.5271', 'LEFT', 'Right Arm (Front)', '1998-11-13 12:13:55', '0.523', '0.82801', '0.540594', '0.6', '0');
INSERT INTO HopefullyHealing.Wounds (`woundId`, `patientId`, `imagePath`, `imageData`, `woundSize_cm`, `woundView`, `woundLocation`, `woundDate`, `tissueA`, `tissueB`, `tissueC`, `tissueD`, `woundArea`) VALUES (65, 12, 'http://lorempixel.com/600/400/cats/', load_file('./example_images/download (2).jpg'), '22.7', 'FRONT', 'Right Foot (Front)', '2014-08-26 20:16:16', '0.9', '0.0189049', '0.172831', '0.7', '0');
INSERT INTO HopefullyHealing.Wounds (`woundId`, `patientId`, `imagePath`, `imageData`, `woundSize_cm`, `woundView`, `woundLocation`, `woundDate`, `tissueA`, `tissueB`, `tissueC`, `tissueD`, `woundArea`) VALUES (66, 88, 'http://lorempixel.com/600/400/cats/', load_file('./example_images/download (3).jpg'), '41.9044', 'LEFT', 'Left Crus', '1989-09-01 22:48:43', '0.98047', '0.8', '0.402735', '1', '0');
INSERT INTO HopefullyHealing.Wounds (`woundId`, `patientId`, `imagePath`, `imageData`, `woundSize_cm`, `woundView`, `woundLocation`, `woundDate`, `tissueA`, `tissueB`, `tissueC`, `tissueD`, `woundArea`) VALUES (67, 6, 'http://lorempixel.com/600/400/cats/', load_file('./example_images/download (4).jpg'), '17.6491', 'LEFT', 'Left Arm (Side)', '1993-01-08 20:24:20', '0', '0.913795', '0.28899', '0.479224', '0');
INSERT INTO HopefullyHealing.Wounds (`woundId`, `patientId`, `imagePath`, `imageData`, `woundSize_cm`, `woundView`, `woundLocation`, `woundDate`, `tissueA`, `tissueB`, `tissueC`, `tissueD`, `woundArea`) VALUES (68, 79, 'http://lorempixel.com/600/400/cats/', load_file('./example_images/download (5).jpg'), '43.1', 'FRONT', 'Left Hand (Back)', '2014-08-17 12:04:01', '0.9248', '0.837297', '0.296384', '0.3059', '0');
INSERT INTO HopefullyHealing.Wounds (`woundId`, `patientId`, `imagePath`, `imageData`, `woundSize_cm`, `woundView`, `woundLocation`, `woundDate`, `tissueA`, `tissueB`, `tissueC`, `tissueD`, `woundArea`) VALUES (69, 60, 'http://lorempixel.com/600/400/cats/', load_file('./example_images/download (6).jpg'), '30.822', 'BACK', 'Left Leg (Front)', '2014-10-08 03:36:38', '0.99485', '0.7', '0.98926', '0.4073', '0');
INSERT INTO HopefullyHealing.Wounds (`woundId`, `patientId`, `imagePath`, `imageData`, `woundSize_cm`, `woundView`, `woundLocation`, `woundDate`, `tissueA`, `tissueB`, `tissueC`, `tissueD`, `woundArea`) VALUES (70, 11, 'http://lorempixel.com/600/400/cats/', load_file('./example_images/download (7).jpg'), '25.7751', 'FRONT', 'Left Crus', '1997-07-10 14:51:15', '0.0255999', '0.921423', '0', '0.0089555', '0');
INSERT INTO HopefullyHealing.Wounds (`woundId`, `patientId`, `imagePath`, `imageData`, `woundSize_cm`, `woundView`, `woundLocation`, `woundDate`, `tissueA`, `tissueB`, `tissueC`, `tissueD`, `woundArea`) VALUES (71, 97, 'http://lorempixel.com/600/400/cats/', load_file('./example_images/download (8).jpg'), '35.2321', 'BACK', 'Head (Back)', '1985-08-29 08:58:22', '0.377', '0', '0.194565', '0.715028', '0');
INSERT INTO HopefullyHealing.Wounds (`woundId`, `patientId`, `imagePath`, `imageData`, `woundSize_cm`, `woundView`, `woundLocation`, `woundDate`, `tissueA`, `tissueB`, `tissueC`, `tissueD`, `woundArea`) VALUES (72, 79, 'http://lorempixel.com/600/400/cats/', load_file('./example_images/download (9).jpg'), '52.1449', 'BACK', 'Right Calg', '1995-10-07 23:54:37', '0.36549', '0.9', '1', '0.4429', '0');
INSERT INTO HopefullyHealing.Wounds (`woundId`, `patientId`, `imagePath`, `imageData`, `woundSize_cm`, `woundView`, `woundLocation`, `woundDate`, `tissueA`, `tissueB`, `tissueC`, `tissueD`, `woundArea`) VALUES (73, 91, 'http://lorempixel.com/600/400/cats/', load_file('./example_images/download.jpg'), '51.5944', 'FRONT', 'Left Arm (Front)', '2002-05-27 01:33:25', '0.568689', '0.6455', '0.38', '0', '0');
INSERT INTO HopefullyHealing.Wounds (`woundId`, `patientId`, `imagePath`, `imageData`, `woundSize_cm`, `woundView`, `woundLocation`, `woundDate`, `tissueA`, `tissueB`, `tissueC`, `tissueD`, `woundArea`) VALUES (74, 99, 'http://lorempixel.com/600/400/cats/', load_file('./example_images/images (1).jpg'), '55.1', 'BACK', 'Left Crus', '1986-01-19 05:17:10', '0.42', '0.8', '0.39', '0.25301', '0');
INSERT INTO HopefullyHealing.Wounds (`woundId`, `patientId`, `imagePath`, `imageData`, `woundSize_cm`, `woundView`, `woundLocation`, `woundDate`, `tissueA`, `tissueB`, `tissueC`, `tissueD`, `woundArea`) VALUES (75, 29, 'http://lorempixel.com/600/400/cats/', load_file('./example_images/images (2).jpg'), '44.97', 'LEFT', 'Left Fibula (Side)', '1976-05-28 16:48:50', '1', '0.026572', '0.371408', '0.696503', '0');
INSERT INTO HopefullyHealing.Wounds (`woundId`, `patientId`, `imagePath`, `imageData`, `woundSize_cm`, `woundView`, `woundLocation`, `woundDate`, `tissueA`, `tissueB`, `tissueC`, `tissueD`, `woundArea`) VALUES (76, 92, 'http://lorempixel.com/600/400/cats/', load_file('./example_images/images (3).jpg'), '6', 'FRONT', 'Left Foot (Side)', '2000-03-07 01:04:52', '0.544397', '0.645223', '0.0617148', '0.93', '0');
INSERT INTO HopefullyHealing.Wounds (`woundId`, `patientId`, `imagePath`, `imageData`, `woundSize_cm`, `woundView`, `woundLocation`, `woundDate`, `tissueA`, `tissueB`, `tissueC`, `tissueD`, `woundArea`) VALUES (77, 8, 'http://lorempixel.com/600/400/cats/', load_file('./example_images/images (4).jpg'), '6.7', 'RIGHT', 'Lower Back', '1993-06-29 16:07:23', '0.637', '0.870035', '0.008647', '0.459609', '0');
INSERT INTO HopefullyHealing.Wounds (`woundId`, `patientId`, `imagePath`, `imageData`, `woundSize_cm`, `woundView`, `woundLocation`, `woundDate`, `tissueA`, `tissueB`, `tissueC`, `tissueD`, `woundArea`) VALUES (78, 17, 'http://lorempixel.com/600/400/cats/', load_file('./example_images/images (5).jpg'), '33', 'FRONT', 'Right Foot (Front)', '2017-03-01 23:11:27', '0.347864', '0.94951', '0.9877', '0.19219', '0');
INSERT INTO HopefullyHealing.Wounds (`woundId`, `patientId`, `imagePath`, `imageData`, `woundSize_cm`, `woundView`, `woundLocation`, `woundDate`, `tissueA`, `tissueB`, `tissueC`, `tissueD`, `woundArea`) VALUES (79, 26, 'http://lorempixel.com/600/400/cats/', load_file('./example_images/images (6).jpg'), '6.94', 'FRONT', 'Head (Right Side)', '1986-01-09 22:23:15', '0.76058', '0.33815', '0.774876', '0.655558', '0');
INSERT INTO HopefullyHealing.Wounds (`woundId`, `patientId`, `imagePath`, `imageData`, `woundSize_cm`, `woundView`, `woundLocation`, `woundDate`, `tissueA`, `tissueB`, `tissueC`, `tissueD`, `woundArea`) VALUES (80, 13, 'http://lorempixel.com/600/400/cats/', load_file('./example_images/images (7).jpg'), '52.632', 'FRONT', 'Left Calf', '1981-02-28 04:46:57', '0.833017', '0.596717', '0.0137089', '0.3', '0');
INSERT INTO HopefullyHealing.Wounds (`woundId`, `patientId`, `imagePath`, `imageData`, `woundSize_cm`, `woundView`, `woundLocation`, `woundDate`, `tissueA`, `tissueB`, `tissueC`, `tissueD`, `woundArea`) VALUES (81, 3, 'http://lorempixel.com/600/400/cats/', load_file('./example_images/download (1).jpg'), '17.935', 'FRONT', 'Right Foot (Back)', '2008-07-23 14:40:17', '0', '0.83', '1', '0.652029', '0');
INSERT INTO HopefullyHealing.Wounds (`woundId`, `patientId`, `imagePath`, `imageData`, `woundSize_cm`, `woundView`, `woundLocation`, `woundDate`, `tissueA`, `tissueB`, `tissueC`, `tissueD`, `woundArea`) VALUES (82, 3, 'http://lorempixel.com/600/400/cats/', load_file('./example_images/download (10).jpg'), '20.892', 'BACK', 'Right Crus', '1970-11-19 11:46:55', '0', '0.37246', '0.0265182', '0.8969', '0');
INSERT INTO HopefullyHealing.Wounds (`woundId`, `patientId`, `imagePath`, `imageData`, `woundSize_cm`, `woundView`, `woundLocation`, `woundDate`, `tissueA`, `tissueB`, `tissueC`, `tissueD`, `woundArea`) VALUES (83, 6, 'http://lorempixel.com/600/400/cats/', load_file('./example_images/download (11).jpg'), '32.347', 'FRONT', 'Pelvis (Front)', '1984-09-21 13:19:06', '1', '0.539611', '0.01405', '0.788737', '0');
INSERT INTO HopefullyHealing.Wounds (`woundId`, `patientId`, `imagePath`, `imageData`, `woundSize_cm`, `woundView`, `woundLocation`, `woundDate`, `tissueA`, `tissueB`, `tissueC`, `tissueD`, `woundArea`) VALUES (84, 18, 'http://lorempixel.com/600/400/cats/', load_file('./example_images/download (12).jpg'), '0.175', 'FRONT', 'Left Leg (Front)', '1978-12-18 11:17:18', '0.340712', '0.407416', '0.9', '0.0352', '0');
INSERT INTO HopefullyHealing.Wounds (`woundId`, `patientId`, `imagePath`, `imageData`, `woundSize_cm`, `woundView`, `woundLocation`, `woundDate`, `tissueA`, `tissueB`, `tissueC`, `tissueD`, `woundArea`) VALUES (85, 27, 'http://lorempixel.com/600/400/cats/', load_file('./example_images/download (2).jpg'), '31', 'FRONT', 'Right Arm (Side)', '2016-11-22 05:26:27', '0.1', '0.871645', '0.432649', '0.894919', '0');
INSERT INTO HopefullyHealing.Wounds (`woundId`, `patientId`, `imagePath`, `imageData`, `woundSize_cm`, `woundView`, `woundLocation`, `woundDate`, `tissueA`, `tissueB`, `tissueC`, `tissueD`, `woundArea`) VALUES (86, 27, 'http://lorempixel.com/600/400/cats/', load_file('./example_images/download (3).jpg'), '17.459', 'RIGHT', 'Right Crus', '1992-01-06 02:04:39', '0.3585', '1', '0.16787', '0.441076', '0');
INSERT INTO HopefullyHealing.Wounds (`woundId`, `patientId`, `imagePath`, `imageData`, `woundSize_cm`, `woundView`, `woundLocation`, `woundDate`, `tissueA`, `tissueB`, `tissueC`, `tissueD`, `woundArea`) VALUES (87, 75, 'http://lorempixel.com/600/400/cats/', load_file('./example_images/download (4).jpg'), '48', 'BACK', 'Right Fibula (Side)', '1995-12-31 01:03:34', '0.639189', '0.291443', '0.370851', '0.8', '0');
INSERT INTO HopefullyHealing.Wounds (`woundId`, `patientId`, `imagePath`, `imageData`, `woundSize_cm`, `woundView`, `woundLocation`, `woundDate`, `tissueA`, `tissueB`, `tissueC`, `tissueD`, `woundArea`) VALUES (88, 52, 'http://lorempixel.com/600/400/cats/', load_file('./example_images/download (5).jpg'), '8.181', 'BACK', 'Left Hand (Back)', '1985-02-02 21:39:52', '0.877829', '0.363737', '0.59528', '0.2439', '0');
INSERT INTO HopefullyHealing.Wounds (`woundId`, `patientId`, `imagePath`, `imageData`, `woundSize_cm`, `woundView`, `woundLocation`, `woundDate`, `tissueA`, `tissueB`, `tissueC`, `tissueD`, `woundArea`) VALUES (89, 33, 'http://lorempixel.com/600/400/cats/', load_file('./example_images/download (6).jpg'), '13.73', 'RIGHT', 'Right Leg (Back)', '1972-10-01 17:56:52', '0.425952', '0.0733', '0.98', '0.99261', '0');
INSERT INTO HopefullyHealing.Wounds (`woundId`, `patientId`, `imagePath`, `imageData`, `woundSize_cm`, `woundView`, `woundLocation`, `woundDate`, `tissueA`, `tissueB`, `tissueC`, `tissueD`, `woundArea`) VALUES (90, 74, 'http://lorempixel.com/600/400/cats/', load_file('./example_images/download (7).jpg'), '35.1977', 'BACK', 'Right Foot (Front)', '2014-06-13 21:58:08', '1', '1', '0.219755', '0.318', '0');
INSERT INTO HopefullyHealing.Wounds (`woundId`, `patientId`, `imagePath`, `imageData`, `woundSize_cm`, `woundView`, `woundLocation`, `woundDate`, `tissueA`, `tissueB`, `tissueC`, `tissueD`, `woundArea`) VALUES (91, 39, 'http://lorempixel.com/600/400/cats/', load_file('./example_images/download (8).jpg'), '32.04', 'LEFT', 'Right Foot (Side)', '1987-08-05 03:42:56', '0.479145', '0.3', '0.25863', '0.796592', '0');
INSERT INTO HopefullyHealing.Wounds (`woundId`, `patientId`, `imagePath`, `imageData`, `woundSize_cm`, `woundView`, `woundLocation`, `woundDate`, `tissueA`, `tissueB`, `tissueC`, `tissueD`, `woundArea`) VALUES (92, 20, 'http://lorempixel.com/600/400/cats/', load_file('./example_images/download (9).jpg'), '12.2295', 'BACK', 'Left Hand (Back)', '1970-10-29 01:29:26', '0.7', '0.791561', '0.36095', '0.032473', '0');
INSERT INTO HopefullyHealing.Wounds (`woundId`, `patientId`, `imagePath`, `imageData`, `woundSize_cm`, `woundView`, `woundLocation`, `woundDate`, `tissueA`, `tissueB`, `tissueC`, `tissueD`, `woundArea`) VALUES (93, 64, 'http://lorempixel.com/600/400/cats/', load_file('./example_images/download.jpg'), '60', 'LEFT', 'Right Arm (Back)', '2015-07-13 14:56:51', '0.0653037', '0.45', '0.11471', '0.837', '0');
INSERT INTO HopefullyHealing.Wounds (`woundId`, `patientId`, `imagePath`, `imageData`, `woundSize_cm`, `woundView`, `woundLocation`, `woundDate`, `tissueA`, `tissueB`, `tissueC`, `tissueD`, `woundArea`) VALUES (94, 69, 'http://lorempixel.com/600/400/cats/', load_file('./example_images/images (1).jpg'), '18.78', 'LEFT', 'Right Foot (Back)', '2001-12-20 23:51:27', '0.03637', '0.555956', '0.4', '1', '0');
INSERT INTO HopefullyHealing.Wounds (`woundId`, `patientId`, `imagePath`, `imageData`, `woundSize_cm`, `woundView`, `woundLocation`, `woundDate`, `tissueA`, `tissueB`, `tissueC`, `tissueD`, `woundArea`) VALUES (95, 61, 'http://lorempixel.com/600/400/cats/', load_file('./example_images/images (2).jpg'), '59', 'BACK', 'Right Foot (Back)', '1986-04-02 21:29:09', '0.86', '0.36114', '0.3651', '0.145668', '0');
INSERT INTO HopefullyHealing.Wounds (`woundId`, `patientId`, `imagePath`, `imageData`, `woundSize_cm`, `woundView`, `woundLocation`, `woundDate`, `tissueA`, `tissueB`, `tissueC`, `tissueD`, `woundArea`) VALUES (96, 76, 'http://lorempixel.com/600/400/cats/', load_file('./example_images/images (3).jpg'),'46.6366', 'LEFT', 'Left Leg (Front)', '1971-11-07 16:49:41', '0.867996', '0.406086', '0.49189', '0.582865', '0');
INSERT INTO HopefullyHealing.Wounds (`woundId`, `patientId`, `imagePath`, `imageData`, `woundSize_cm`, `woundView`, `woundLocation`, `woundDate`, `tissueA`, `tissueB`, `tissueC`, `tissueD`, `woundArea`) VALUES (97, 57, 'http://lorempixel.com/600/400/cats/', load_file('./example_images/images (4).jpg'), '9.0883', 'LEFT', 'Right Leg (Side)', '2017-04-09 21:33:23', '1', '0.957', '0.32985', '0.35448', '0');
INSERT INTO HopefullyHealing.Wounds (`woundId`, `patientId`, `imagePath`, `imageData`, `woundSize_cm`, `woundView`, `woundLocation`, `woundDate`, `tissueA`, `tissueB`, `tissueC`, `tissueD`, `woundArea`) VALUES (98, 66, 'http://lorempixel.com/600/400/cats/', load_file('./example_images/images (5).jpg'), '8.41198', 'FRONT', 'Left Shoulder (Side)', '1985-12-16 15:31:23', '0.497', '0.501271', '0.890738', '0.715', '0');
INSERT INTO HopefullyHealing.Wounds (`woundId`, `patientId`, `imagePath`, `imageData`, `woundSize_cm`, `woundView`, `woundLocation`, `woundDate`, `tissueA`, `tissueB`, `tissueC`, `tissueD`, `woundArea`) VALUES (99, 55, 'http://lorempixel.com/600/400/cats/', load_file('./example_images/images (6).jpg'), '7.3508', 'BACK', 'Left Calf', '2011-05-25 05:17:04', '0.961183', '0.021085', '0.011', '0.1689', '0');
INSERT INTO HopefullyHealing.Wounds (`woundId`, `patientId`, `imagePath`, `imageData`, `woundSize_cm`, `woundView`, `woundLocation`, `woundDate`, `tissueA`, `tissueB`, `tissueC`, `tissueD`, `woundArea`) VALUES (100, 17, 'http://lorempixel.com/600/400/cats/', load_file('./example_images/images (7).jpg'), '9.371', 'FRONT', 'Right Fibula (Side)', '1993-09-25 07:31:03', '0.9949', '0.609869', '0', '0.500106', '0');

/*
---------------------------------------------------------------------------------------------------------------------------------------------------------------------------------------------------------------------------------------------------------------------------------------------------------------------------------------------------------------------------------------------
*/
DELIMITER | 
CREATE TRIGGER HopefullyHealing.patient_trigger BEFORE INSERT ON HopefullyHealing.Patients FOR EACH ROW
BEGIN
	SET new.SSN := AES_ENCRYPT(new.SSN, @encryption_key);
END|
DELIMITER ;
/*
---------------------------------------------------------------------------------------------------------------------------------------------------------------------------------------------------------------------------------------------------------------------------------------------------------------------------------------------------------------------------------------------
*/
